time_s,displacement_mm
0.0000,-0.086332
0.0200,-0.011727
0.0400,0.311678
0.0600,0.441293
0.0800,0.097087
0.1000,-0.221102
0.1200,-0.164971
0.1400,-0.142396
0.1600,-0.298827
0.1800,-0.597628
0.2000,-0.603614
0.2200,-0.545284
0.2400,-0.449345
0.2600,-0.346650
0.2800,-0.180257
0.3000,0.019778
0.3200,0.057559
0.3400,0.005996
0.3600,-0.374520
0.3800,-0.545423
0.4000,-0.545517
0.4200,-0.520408
0.4400,-0.691973
0.4600,-1.031726
0.4800,-0.928935
0.5000,-0.505983
0.5200,-0.454040
0.5400,-0.625751
0.5600,-0.202336
0.5800,0.273306
0.6000,0.075194
0.6200,-0.667442
0.6400,-0.873430
0.6600,-0.521150
0.6800,-0.459708
0.7000,-0.810697
0.7200,-0.975800
0.7400,-0.647650
0.7600,-0.492364
0.7800,-0.720122
0.8000,-0.616214
0.8200,0.094137
0.8400,0.581892
0.8600,-0.084152
0.8800,-0.772001
0.9000,-0.647361
0.9200,-0.364482
0.9400,-0.701765
0.9600,-1.015426
0.9800,-0.821429
1.0000,-0.299478
1.0200,-0.285046
1.0400,-0.695774
1.0600,-0.444286
1.0800,0.320785
1.1000,0.446780
1.1200,-0.043624
1.1400,-0.347739
1.1600,-0.370757
1.1800,-0.341303
1.2000,-0.640765
1.2200,-0.864762
1.2400,-0.582321
1.2600,-0.059436
1.2800,-0.103129
1.3000,-0.552634
1.3200,-0.554814
1.3400,0.209825
1.3600,0.573577
1.3800,0.029907
1.4000,-0.481631
1.4200,-0.437519
1.4400,-0.170550
1.4600,-0.474154
1.4800,-0.933027
1.5000,-0.476127
1.5200,0.347623
1.5400,0.221928
1.5600,-0.467740
1.5800,-0.458558
1.6000,0.465435
1.6200,0.663020
1.6400,-0.088165
1.6600,-0.434280
1.6800,-0.063308
1.7000,0.166539
1.7200,-0.726997
1.7400,-1.205102
1.7600,-0.335208
1.7800,0.433133
1.8000,-0.083657
1.8200,-0.713403
1.8400,-0.164532
1.8600,0.668899
1.8800,0.373515
1.9000,-0.471116
1.9200,-0.308498
1.9400,0.353730
1.9600,-0.015701
1.9800,-1.209967
2.0000,-1.117441
2.0200,-0.135543
2.0400,0.214927
2.0600,-0.512613
2.0800,-0.683172
2.1000,-0.080048
2.1200,0.358208
2.1400,-0.146792
2.1600,-0.464615
2.1800,-0.020010
2.2000,0.283091
2.2200,-0.288157
2.2400,-1.067610
2.2600,-1.030521
2.2800,-0.177580
2.3000,-0.035664
2.3200,-0.531368
2.3400,-0.449980
2.3600,0.293741
2.3800,0.302515
2.4000,-0.357473
2.4200,-0.459728
2.4400,0.009084
2.4600,0.371455
2.4800,-0.493206
2.5000,-1.148059
2.5200,-0.701509
2.5400,-0.108352
2.5600,-0.260601
2.5800,-0.753363
2.6000,-0.273865
2.6200,0.477657
2.6400,0.312395
2.6600,-0.442838
2.6800,-0.239805
2.7000,0.505941
2.7200,0.533241
2.7400,-0.498237
2.7600,-0.845016
2.7800,-0.484434
2.8000,-0.202086
2.8200,-0.446046
2.8400,-0.535581
2.8600,-0.175426
2.8800,0.191848
2.9000,-0.067042
2.9200,-0.498651
2.9400,-0.305195
2.9600,0.244760
2.9800,0.186339
3.0000,-0.708620
3.0200,-0.960940
3.0400,-0.496159
3.0600,-0.288279
3.0800,-0.740651
3.1000,-0.826285
3.1200,-0.010460
3.1400,0.291892
3.1600,-0.414415
3.1800,-0.932349
3.2000,-0.289256
3.2200,0.282438
3.2400,-0.187182
3.2600,-0.789331
3.2800,-0.587103
3.3000,-0.263158
3.3200,-0.548842
3.3400,-0.968461
3.3600,-0.442033
3.3800,0.262595
3.4000,0.086792
3.4200,-0.604408
3.4400,-0.585274
3.4600,-0.033716
3.4800,0.021880
3.5000,-0.337540
3.5200,-0.372632
3.5400,-0.202821
3.5600,-0.323629
3.5800,-0.737222
3.6000,-0.703031
3.6200,-0.110978
3.6400,0.132681
3.6600,-0.021450
3.6800,-0.180742
3.7000,-0.154322
3.7200,-0.242028
3.7400,-0.235934
3.7600,-0.037242
3.7800,0.054158
3.8000,-0.148163
3.8200,-0.257861
3.8400,-0.263315
3.8600,-0.248487
3.8800,-0.183515
3.9000,0.010503
3.9200,0.266022
3.9400,0.240513
3.9600,-0.090683
3.9800,-0.137684
4.0000,0.150294
4.0200,0.230789
4.0400,0.115306
4.0600,0.154077
4.0800,0.236841
4.1000,0.172467
4.1200,-0.050478
4.1400,-0.008552
4.1600,0.545287
4.1800,0.687195
4.2000,0.371732
4.2200,0.199662
4.2400,0.485730
4.2600,0.603457
4.2800,0.410955
4.3000,0.251919
4.3200,0.391421
4.3400,0.592089
4.3600,0.353700
4.3800,0.007702
4.4000,0.319550
4.4200,0.773719
4.4400,0.725089
4.4600,0.456794
4.4800,0.463220
4.5000,0.684326
4.5200,0.445133
4.5400,0.027347
4.5600,0.249350
4.5800,0.789018
4.6000,0.556436
4.6200,-0.009735
4.6400,-0.005925
4.6600,0.621431
4.6800,0.643595
4.7000,0.271555
4.7200,0.359951
4.7400,0.726097
4.7600,0.496929
4.7800,-0.165761
4.8000,-0.193511
4.8200,0.376601
4.8400,0.473902
4.8600,0.103742
4.8800,-0.072027
4.9000,0.147467
4.9200,0.148758
4.9400,-0.092981
4.9600,-0.031663
4.9800,0.174341
5.0000,0.321902
5.0200,0.021510
5.0400,-0.324297
5.0600,-0.300881
5.0800,-0.141990
5.1000,0.062324
5.1200,0.049502
5.1400,-0.179210
5.1600,-0.144863
5.1800,0.049061
5.2000,-0.013103
5.2200,-0.277995
5.2400,-0.152302
5.2600,0.221340
5.2800,0.348729
5.3000,-0.422158
5.3200,-0.608195
5.3400,0.030758
5.3600,0.246040
5.3800,-0.290804
5.4000,-0.500604
5.4200,0.033470
5.4400,0.231192
5.4600,-0.334800
5.4800,-0.610141
5.5000,0.257218
5.5200,0.724897
5.5400,0.124167
5.5600,-0.528756
5.5800,-0.128303
5.6000,0.235784
5.6200,-0.122365
5.6400,-0.572758
5.6600,-0.016983
5.6800,0.629808
5.7000,0.298861
5.7200,-0.599994
5.7400,-0.342942
5.7600,0.553616
5.7800,0.574891
5.8000,-0.198268
5.8200,-0.370860
5.8400,0.187178
5.8600,0.305933
5.8800,-0.309246
5.9000,-0.527068
5.9200,0.088668
5.9400,0.602993
5.9600,0.231098
5.9800,-0.389385
6.0000,-0.334803
6.0200,0.371115
6.0400,0.422912
6.0600,-0.078163
6.0800,-0.322444
6.1000,0.121588
6.1200,0.273473
6.1400,-0.330727
6.1600,-0.717286
6.1800,-0.129833
6.2000,0.495933
6.2200,0.081043
6.2400,-0.837435
6.2600,-0.601150
6.2800,0.411796
6.3000,0.288274
6.3200,-0.677929
6.3400,-0.652196
6.3600,0.390804
6.3800,0.446776
6.4000,-0.870366
6.4200,-1.160803
6.4400,0.114325
6.4600,0.811190
6.4800,-0.154867
6.5000,-1.086236
6.5200,-0.277704
6.5400,0.657629
6.5600,-0.009415
6.5800,-1.051751
6.6000,-0.346550
6.6200,0.854963
6.6400,0.294490
6.6600,-1.199020
6.6800,-1.058783
6.7000,0.506623
6.7200,0.742645
6.7400,-0.715172
6.7600,-1.009968
6.7800,0.266442
6.8000,0.713693
6.8200,-0.453365
6.8400,-1.035184
6.8600,0.175083
6.8800,1.061877
6.9000,-0.021435
6.9200,-1.365964
6.9400,-0.553530
6.9600,0.799613
6.9800,0.392961
7.0000,-0.965087
7.0200,-0.682107
7.0400,0.769639
7.0600,0.667208
7.0800,-0.779193
7.1000,-0.972034
7.1200,0.409089
7.1400,0.842460
7.1600,-0.502350
7.1800,-1.290618
7.2000,-0.280458
7.2200,0.571849
7.2400,-0.183534
7.2600,-1.057651
7.2800,-0.309994
7.3000,0.850497
7.3200,0.201326
7.3400,-1.066852
7.3600,-0.858725
7.3800,0.575029
7.4000,0.551016
7.4200,-0.922074
7.4400,-1.173141
7.4600,0.150839
7.4800,0.501074
7.5000,-0.697326
7.5200,-1.062439
7.5400,0.194252
7.5600,0.889564
7.5800,-0.290020
7.6000,-1.289937
7.6200,-0.287465
7.6400,0.855192
7.6600,0.004218
7.6800,-1.315637
7.7000,-0.838570
7.7200,0.511915
7.7400,0.176209
7.7600,-1.089033
7.7800,-0.945899
7.8000,0.671669
7.8200,0.760154
7.8400,-0.694951
7.8600,-1.196171
7.8800,0.153068
7.9000,0.681835
7.9200,-0.624637
7.9400,-1.282102
7.9600,-0.283661
7.9800,0.659804
8.0000,-0.237785
8.0200,-1.103037
8.0400,-0.334716
8.0600,0.788278
8.0800,0.309721
8.1000,-1.036554
8.1200,-0.873949
8.1400,0.403413
8.1600,0.301752
8.1800,-1.076457
8.2000,-1.342297
8.2200,-0.122168
8.2400,0.311468
8.2600,-0.736587
8.2800,-1.221210
8.3000,-0.121824
8.3200,0.581342
8.3400,-0.331618
8.3600,-1.152998
8.3800,-0.457022
8.4000,0.361898
8.4200,-0.232907
8.4400,-1.337673
8.4600,-1.008809
8.4800,0.129447
8.5000,-0.056164
8.5200,-1.153731
8.5400,-1.089661
8.5600,0.126897
8.5800,0.366721
8.6000,-0.654556
8.6200,-0.915237
8.6400,-0.021115
8.6600,0.443518
8.6800,-0.608154
8.7000,-1.296081
8.7200,-0.575749
8.7400,0.111927
8.7600,-0.337212
8.7800,-1.130428
8.8000,-0.602263
8.8200,0.299423
8.8400,0.124787
8.8600,-0.638181
8.8800,-0.572622
8.9000,0.306006
8.9200,0.285815
8.9400,-0.623324
8.9600,-0.890231
8.9800,-0.378182
9.0000,0.145533
9.0200,-0.398210
9.0400,-0.823265
9.0600,-0.534458
9.0800,0.111579
9.1000,-0.024181
9.1200,-0.490507
9.1400,-0.441824
9.1600,0.153206
9.1800,0.226932
9.2000,-0.275547
9.2200,-0.686141
9.2400,-0.333304
9.2600,0.139999
9.2800,-0.027643
9.3000,-0.636559
9.3200,-0.510471
9.3400,0.296718
9.3600,0.224365
9.3800,-0.594707
9.4000,-0.456056
9.4200,0.452196
9.4400,0.529359
9.4600,-0.283120
9.4800,-0.651671
9.5000,0.056796
9.5200,0.329700
9.5400,-0.372411
9.5600,-0.701717
9.5800,0.139498
9.6000,0.747258
9.6200,0.168009
9.6400,-0.417381
9.6600,0.108398
9.6800,0.789414
9.7000,0.394520
9.7200,-0.292692
9.7400,-0.150316
9.7600,0.340640
9.7800,0.162511
9.8000,-0.482877
9.8200,-0.313984
9.8400,0.416049
9.8600,0.697096
9.8800,0.089266
9.9000,-0.066808
9.9200,0.530907
9.9400,0.787789
9.9600,0.419695
9.9800,-0.016331
10.0000,0.212588
10.0200,0.521679
10.0400,0.335208
10.0600,-0.170713
10.0800,-0.138162
10.1000,0.527927
10.1200,0.564430
10.1400,0.309542
10.1600,0.273171
10.1800,0.741640
10.2000,0.812732
10.2200,0.359513
10.2400,-0.002028
10.2600,0.314268
10.2800,0.559444
10.3000,0.184541
10.3200,-0.263419
10.3400,0.019457
10.3600,0.502046
10.3800,0.382588
10.4000,0.091707
10.4200,0.329329
10.4400,0.895528
10.4600,0.863335
10.4800,0.204622
10.5000,0.158432
10.5200,0.583688
10.5400,0.590016
10.5600,-0.043568
10.5800,-0.149343
10.6000,0.294164
10.6200,0.440219
10.6400,0.022842
10.6600,-0.023687
10.6800,0.608832
10.7000,0.893758
10.7200,0.511748
10.7400,0.210426
10.7600,0.339985
10.7800,0.519874
10.8000,0.242717
10.8200,-0.126148
10.8400,0.065783
10.8600,0.387456
10.8800,0.200911
10.9000,-0.080603
10.9200,0.073798
10.9400,0.619347
10.9600,0.716005
10.9800,0.501926
11.0000,0.343871
11.0200,0.410086
11.0400,0.372178
11.0600,0.014881
11.0800,-0.167166
11.1000,0.068903
11.1200,0.198829
11.1400,-0.059302
11.1600,-0.303872
11.1800,0.029773
11.2000,0.451189
11.2200,0.436520
11.2400,0.136268
11.2600,0.232729
11.2800,0.408701
11.3000,0.171163
11.3200,-0.309895
11.3400,-0.233305
11.3600,0.148032
11.3800,0.283191
11.4000,-0.216542
11.4200,-0.242384
11.4400,0.100003
11.4600,0.465971
11.4800,0.285124
11.5000,0.159959
11.5200,0.516151
11.5400,0.539031
11.5600,-0.054333
11.5800,-0.247497
11.6000,0.024651
11.6200,0.356986
11.6400,0.215269
11.6600,0.009128
11.6800,0.054151
11.7000,0.251317
11.7200,0.333596
11.7400,0.364364
11.7600,0.496308
11.7800,0.479022
11.8000,0.260211
11.8200,0.120488
11.8400,-0.006575
11.8600,-0.047673
11.8800,0.065629
11.9000,0.350951
11.9200,0.324382
11.9400,0.067025
11.9600,0.124129
11.9800,0.420832
12.0000,0.420193
12.0200,0.364617
12.0400,0.341859
12.0600,0.521605
12.0800,0.217561
12.1000,-0.354802
12.1200,-0.255944
12.1400,0.429638
12.1600,0.580566
12.1800,0.144034
12.2000,-0.031327
12.2200,0.398827
12.2400,0.545593
12.2600,0.130611
12.2800,-0.062768
12.3000,0.627231
12.3200,0.714272
12.3400,-0.007964
12.3600,-0.670172
12.3800,-0.303154
12.4000,0.318013
12.4200,0.307663
12.4400,-0.015572
12.4600,0.062347
12.4800,0.466216
12.5000,0.293344
12.5200,-0.286449
12.5400,-0.288904
12.5600,0.522343
12.5800,0.634782
12.6000,-0.224764
12.6200,-0.626989
12.6400,-0.050050
12.6600,0.300153
12.6800,-0.110971
12.7000,-0.229565
12.7200,0.100219
12.7400,0.465757
12.7600,-0.078622
12.7800,-0.455893
12.8000,-0.039123
12.8200,0.349929
12.8400,0.012956
12.8600,-0.447464
12.8800,-0.271126
12.9000,-0.037698
12.9200,-0.087660
12.9400,-0.252910
12.9600,0.080877
12.9800,0.423806
13.0000,0.384037
13.0200,0.160219
13.0400,0.084972
13.0600,0.283910
13.0800,0.270641
13.1000,0.108756
13.1200,0.041182
13.1400,0.015170
13.1600,-0.044413
13.1800,-0.057632
13.2000,-0.011824
13.2200,0.247185
13.2400,0.446081
13.2600,0.488481
13.2800,0.248826
13.3000,0.109996
13.3200,0.171727
13.3400,0.338287
13.3600,0.274128
13.3800,0.096937
13.4000,-0.083415
13.4200,-0.039940
13.4400,-0.069021
13.4600,-0.151840
13.4800,0.055001
13.5000,0.399229
13.5200,0.449401
13.5400,0.158140
13.5600,0.056957
13.5800,0.244643
13.6000,0.352269
13.6200,0.187569
13.6400,-0.061111
13.6600,-0.086790
13.6800,0.207637
13.7000,0.104798
13.7200,-0.156754
13.7400,0.116271
13.7600,0.788467
13.7800,0.802940
13.8000,0.330763
13.8200,0.106187
13.8400,0.496565
13.8600,0.620019
13.8800,0.065379
13.9000,-0.096479
13.9200,0.303747
13.9400,0.479277
13.9600,0.023406
13.9800,-0.251915
14.0000,0.316367
14.0200,0.988561
14.0400,0.776084
14.0600,0.226946
14.0800,0.341535
14.1000,0.720733
14.1200,0.494020
14.1400,-0.099024
14.1600,-0.077595
14.1800,0.565326
14.2000,0.557670
14.2200,0.111007
14.2400,-0.059895
14.2600,0.383704
14.2800,0.815721
14.3000,0.756471
14.3200,0.540371
14.3400,0.638009
14.3600,0.790740
14.3800,0.435084
14.4000,-0.109811
14.4200,-0.004140
14.4400,0.512106
14.4600,0.476013
14.4800,0.006536
14.5000,-0.054319
14.5200,0.427565
14.5400,0.590588
14.5600,0.326174
14.5800,0.325233
14.6000,0.634755
14.6200,0.532988
14.6400,0.122492
14.6600,-0.241417
14.6800,-0.256403
14.7000,-0.093641
14.7200,-0.103339
14.7400,-0.166641
14.7600,-0.048326
14.7800,0.028327
14.8000,0.022608
14.8200,0.067261
14.8400,0.216061
14.8600,0.258954
14.8800,0.231150
14.9000,-0.135435
14.9200,-0.345192
14.9400,-0.381241
14.9600,-0.365436
14.9800,-0.219385
15.0000,-0.062888
15.0200,0.044759
15.0400,-0.002869
15.0600,-0.077548
15.0800,-0.023910
15.1000,0.082598
15.1200,0.263052
15.1400,0.192952
15.1600,-0.031146
15.1800,-0.190530
15.2000,-0.245856
15.2200,-0.328958
15.2400,-0.361963
15.2600,-0.116683
15.2800,0.171485
15.3000,0.216698
15.3200,-0.012065
15.3400,-0.053970
15.3600,0.211954
15.3800,0.539119
15.4000,0.407204
15.4200,0.098591
15.4400,0.045853
15.4600,0.086932
15.4800,0.038548
15.5000,-0.129278
15.5200,-0.013294
15.5400,0.595575
15.5600,0.769815
15.5800,0.195997
15.6000,-0.031086
15.6200,0.279352
15.6400,0.636458
15.6600,0.444369
15.6800,0.223246
15.7000,0.332012
15.7200,0.397375
15.7400,0.019925
15.7600,-0.288927
15.7800,0.354015
15.8000,0.717605
15.8200,0.601414
15.8400,0.190172
15.8600,0.192616
15.8800,0.630063
15.9000,0.517641
15.9200,0.183607
15.9400,0.114782
15.9600,0.468494
15.9800,0.400151
16.0000,-0.236595
16.0200,-0.439716
16.0400,0.254032
16.0600,0.743996
16.0800,0.377543
16.1000,-0.184539
16.1200,0.154506
16.1400,0.500577
16.1600,0.212815
16.1800,-0.325279
16.2000,-0.124350
16.2200,0.368119
16.2400,0.203854
16.2600,-0.531604
16.2800,-0.498700
16.3000,0.298781
16.3200,0.555757
16.3400,0.106219
16.3600,-0.089727
16.3800,0.104088
16.4000,0.284444
16.4200,-0.224736
16.4400,-0.466427
16.4600,0.061589
16.4800,0.403922
16.5000,0.030477
16.5200,-0.473038
16.5400,-0.358742
16.5600,0.196908
16.5800,0.349456
16.6000,0.113140
16.6200,-0.041316
16.6400,0.137518
16.6600,0.122651
16.6800,-0.422538
16.7000,-0.486725
16.7200,-0.177843
16.7400,0.165990
16.7600,0.007568
16.7800,-0.449794
16.8000,-0.585000
16.8200,-0.076522
16.8400,0.118011
16.8600,-0.136661
16.8800,-0.273602
16.9000,-0.058149
16.9200,-0.056700
16.9400,-0.511859
16.9600,-0.876942
16.9800,-0.545641
17.0000,-0.099035
17.0200,-0.293307
17.0400,-0.776007
17.0600,-0.497877
17.0800,-0.009471
17.1000,-0.147074
17.1200,-0.575601
17.1400,-0.477251
17.1600,0.072444
17.1800,-0.091563
17.2000,-0.990009
17.2200,-1.013328
17.2400,-0.392061
17.2600,-0.086859
17.2800,-0.705660
17.3000,-0.838634
17.3200,-0.378936
17.3400,0.008614
17.3600,-0.560979
17.3800,-0.927275
17.4000,-0.431784
17.4200,0.022034
17.4400,-0.307380
17.4600,-0.926773
17.4800,-0.891024
17.5000,-0.300089
17.5200,-0.317318
17.5400,-0.940458
17.5600,-0.856689
17.5800,-0.159371
17.6000,0.014271
17.6200,-0.661071
17.6400,-0.861366
17.6600,-0.141818
17.6800,0.172483
17.7000,-0.425142
17.7200,-0.834988
17.7400,-0.477535
17.7600,-0.070502
17.7800,-0.420429
17.8000,-0.839350
17.8200,-0.369078
17.8400,0.294498
17.8600,-0.028060
17.8800,-0.724974
17.9000,-0.436026
17.9200,0.225704
17.9400,0.203988
17.9600,-0.548440
17.9800,-0.696610
18.0000,-0.148256
18.0200,-0.041386
18.0400,-0.642988
18.0600,-0.738008
18.0800,-0.255059
18.1000,0.133280
18.1200,-0.286972
18.1400,-0.667857
18.1600,-0.250897
18.1800,0.267907
18.2000,0.012835
18.2200,-0.525330
18.2400,-0.452427
18.2600,-0.046623
18.2800,0.015228
18.3000,-0.553866
18.3200,-0.661580
18.3400,-0.021795
18.3600,0.221787
18.3800,-0.162289
18.4000,-0.748416
18.4200,0.933836
18.4400,0.456960
18.4600,0.094478
18.4800,-0.355245
18.5000,-0.467808
18.5200,0.195936
18.5400,0.248203
18.5600,-0.456215
18.5800,-0.554803
18.6000,0.382143
18.6200,0.507870
18.6400,0.592980
18.6600,0.404689
18.6800,1.555422
18.7000,0.629690
18.7200,0.812934
18.7400,0.549532
18.7600,0.855113
18.7800,1.395091
18.8000,1.210585
18.8200,-0.418189
18.8400,0.554247
18.8600,1.658881
18.8800,1.459438
18.9000,0.874042
18.9200,0.816330
18.9400,1.345960
18.9600,1.366078
18.9800,1.020156
19.0000,0.932897
19.0200,1.009548
19.0400,1.189887
19.0600,1.033449
19.0800,0.853647
19.1000,1.158718
19.1200,0.822980
19.1400,0.331098
19.1600,3.204176
19.1800,1.601587
19.2000,1.369466
19.2200,0.611931
19.2400,1.496609
19.2600,0.244094
19.2800,0.245804
19.3000,0.382722
19.3200,1.720551
19.3400,0.406091
19.3600,0.287684
19.3800,2.435208
19.4000,1.177293
19.4200,1.158067
19.4400,1.380578
19.4600,1.841595
19.4800,2.159818
19.5000,0.229840
19.5200,-0.096383
19.5400,0.553551
19.5600,0.728599
19.5800,0.243194
19.6000,0.042477
19.6200,0.649102
19.6400,1.056166
19.6600,0.822672
19.6800,0.228696
19.7000,0.309536
19.7200,0.684762
19.7400,0.490379
19.7600,-0.028790
19.7800,0.050026
19.8000,0.635380
19.8200,0.582475
19.8400,-0.024111
19.8600,-0.044143
19.8800,0.723229
19.9000,1.065640
19.9200,0.474584
19.9400,0.072233
19.9600,0.541224
19.9800,0.905782
20.0000,0.495738
20.0200,-0.135977
20.0400,0.213349
20.0600,0.804858
20.0800,0.465726
20.1000,-0.228218
20.1200,0.015318
20.1400,0.765375
20.1600,0.890183
20.1800,0.155580
20.2000,0.053143
20.2200,0.685748
20.2400,0.799059
20.2600,0.013894
20.2800,-0.276064
20.3000,0.303663
20.3200,0.779637
20.3400,0.076676
20.3600,-0.401269
20.3800,0.172640
20.4000,0.844686
20.4200,0.571616
20.4400,0.005242
20.4600,0.130405
20.4800,0.862680
20.5000,0.602490
20.5200,-0.201252
20.5400,-0.208516
20.5600,0.578236
20.5800,0.626569
20.6000,-0.124969
20.6200,-0.154320
20.6400,0.593864
20.6600,0.838552
20.6800,0.291408
20.7000,0.170079
20.7200,0.738539
20.7400,0.905690
20.7600,0.230369
20.7800,-0.081820
20.8000,0.274943
20.8200,0.677366
20.8400,0.423205
20.8600,0.109536
20.8800,0.241490
20.9000,0.591304
20.9200,0.604819
20.9400,0.380413
20.9600,0.355147
20.9800,0.681937
21.0000,0.731056
21.0200,0.352519
21.0400,-0.085830
21.0600,-0.041316
21.0800,0.430559
21.1000,0.440976
21.1200,0.062034
21.1400,-0.019899
21.1600,0.470154
21.1800,0.570141
21.2000,-0.042698
21.2200,-0.037958
21.2400,0.578154
21.2600,0.760651
21.2800,-0.067920
21.3000,-0.434888
21.3200,0.231817
21.3400,0.604033
21.3600,0.106913
21.3800,-0.214646
21.4000,0.366654
21.4200,0.760455
21.4400,0.356707
21.4600,-0.367331
21.4800,0.020502
21.5000,0.815937
21.5200,0.598278
21.5400,-0.390060
21.5600,-0.464650
21.5800,0.455275
21.6000,0.662078
21.6200,-0.257486
21.6400,-0.347331
21.6600,0.645524
21.6800,0.975921
21.7000,0.048612
21.7200,-0.398560
21.7400,0.513608
21.7600,1.058716
21.7800,0.293373
21.8000,-0.386097
21.8200,0.088882
21.8400,0.731448
21.8600,0.363093
21.8800,-0.305674
21.9000,0.057975
21.9200,0.813044
21.9400,0.756092
21.9600,-0.060007
21.9800,-0.102635
22.0000,0.619847
22.0200,0.826831
22.0400,0.113849
22.0600,-0.218571
22.0800,0.322631
22.1000,0.736225
22.1200,0.267310
22.1400,-0.333078
22.1600,-0.018287
22.1800,0.950081
22.2000,0.878905
22.2200,-0.039460
22.2400,0.020180
22.2600,0.962022
22.2800,0.936012
22.3000,-0.017849
22.3200,-0.141487
22.3400,0.687259
22.3600,0.939867
22.3800,0.145614
22.4000,-0.244618
22.4200,0.536569
22.4400,1.093632
22.4600,0.518871
22.4800,-0.060914
22.5000,0.545800
22.5200,1.243498
22.5400,0.751642
22.5600,-0.190491
22.5800,0.090998
22.6000,0.844562
22.6200,0.679374
22.6400,-0.029711
22.6600,0.053756
22.6800,0.772967
22.7000,0.861387
22.7200,0.267707
22.7400,0.240868
22.7600,0.777701
22.7800,0.933092
22.8000,0.534289
22.8200,0.244071
22.8400,0.467487
22.8600,0.667267
22.8800,0.393311
22.9000,0.151181
22.9200,0.275364
22.9400,0.600348
22.9600,0.597751
22.9800,0.470427
23.0000,0.284686
23.0200,0.581124
23.0400,0.793789
23.0600,0.678234
23.0800,0.331087
23.1000,0.266051
23.1200,0.569620
23.1400,0.572458
23.1600,0.188062
23.1800,0.127984
23.2000,0.587845
23.2200,0.832973
23.2400,0.361201
23.2600,0.068348
23.2800,0.359623
23.3000,0.785667
23.3200,0.707556
23.3400,0.241091
23.3600,0.369895
23.3800,0.823485
23.4000,0.768774
23.4200,0.219115
23.4400,0.145601
23.4600,0.817705
23.4800,0.973255
23.5000,0.410657
23.5200,0.107877
23.5400,0.562402
23.5600,0.956526
23.5800,0.677835
23.6000,0.273381
23.6200,0.378296
23.6400,0.875480
23.6600,0.732913
23.6800,0.135958
23.7000,0.163914
23.7200,0.820118
23.7400,0.985193
23.7600,0.221392
23.7800,0.004275
23.8000,0.696224
23.8200,1.044199
23.8400,0.673022
23.8600,0.405095
23.8800,0.650136
23.9000,0.894654
23.9200,0.506571
23.9400,0.059626
23.9600,0.295174
23.9800,0.852530
24.0000,0.755877
24.0200,0.355612
24.0400,0.283668
24.0600,0.715892
24.0800,0.763148
24.1000,0.458777
24.1200,0.257528
24.1400,0.572933
24.1600,0.724067
24.1800,0.322639
24.2000,0.059754
24.2200,0.229986
24.2400,0.684098
24.2600,0.647303
24.2800,0.201202
24.3000,0.361134
24.3200,0.768617
24.3400,0.754991
24.3600,0.261565
24.3800,0.169772
24.4000,0.594998
24.4200,0.538311
24.4400,0.121721
24.4600,-0.009581
24.4800,0.340876
24.5000,0.495135
24.5200,0.413387
24.5400,0.266654
24.5600,0.315998
24.5800,0.460539
24.6000,0.360406
24.6200,0.157366
24.6400,0.159013
24.6600,0.307386
24.6800,0.246847
24.7000,0.104498
24.7200,-0.006029
24.7400,0.035694
24.7600,0.356839
24.7800,0.498747
24.8000,0.369058
24.8200,0.363449
24.8400,0.542898
24.8600,0.430448
24.8800,0.030419
24.9000,-0.067049
24.9200,0.168579
24.9400,0.316389
24.9600,0.120725
24.9800,-0.074538
25.0000,0.147935
25.0200,0.448414
25.0400,0.281562
25.0600,0.099705
25.0800,0.255422
25.1000,0.553360
25.1200,0.314772
25.1400,-0.137889
25.1600,-0.043234
25.1800,0.283770
25.2000,0.314733
25.2200,0.006327
25.2400,-0.056399
25.2600,0.362638
25.2800,0.425801
25.3000,0.254864
25.3200,0.169374
25.3400,0.611484
25.3600,0.751649
25.3800,0.407219
25.4000,0.000614
25.4200,0.141803
25.4400,0.522264
25.4600,0.457398
25.4800,0.106023
25.5000,0.175609
25.5200,0.450529
25.5400,0.628893
25.5600,0.242125
25.5800,0.300336
25.6000,0.682626
25.6200,0.790476
25.6400,0.564054
25.6600,0.241347
25.6800,0.390788
25.7000,0.656771
25.7200,0.402182
25.7400,0.097608
25.7600,0.210173
25.7800,0.616010
25.8000,0.474639
25.8200,0.140972
25.8400,0.130114
25.8600,0.724078
25.8800,0.771378
25.9000,0.129809
25.9200,-0.107765
25.9400,0.261165
25.9600,0.397614
25.9800,0.169852
26.0000,-0.096434
26.0200,0.097933
26.0400,0.299274
26.0600,0.013604
26.0800,-0.263147
26.1000,-0.068215
26.1200,0.434130
26.1400,0.553578
26.1600,0.086122
26.1800,-0.000305
26.2000,0.323540
26.2200,0.332502
26.2400,-0.009266
26.2600,-0.151786
26.2800,0.168133
26.3000,0.376659
26.3200,0.065619
26.3400,-0.288875
26.3600,-0.070194
26.3800,0.457909
26.4000,0.597688
26.4200,0.152154
26.4400,-0.011296
26.4600,0.275071
26.4800,0.469166
26.5000,-0.026721
26.5200,-0.267876
26.5400,0.226509
26.5600,0.600496
26.5800,0.216966
26.6000,-0.375808
26.6200,-0.051803
26.6400,0.595924
26.6600,0.428614
26.6800,-0.015101
26.7000,-0.118540
26.7200,0.304264
26.7400,0.303200
26.7600,-0.222783
26.7800,-0.381522
26.8000,0.228766
26.8200,0.381053
26.8400,-0.013293
26.8600,-0.247454
26.8800,-0.055575
26.9000,0.150691
26.9200,-0.030684
26.9400,-0.318924
26.9600,-0.156340
26.9800,0.112746
27.0000,-0.157691
27.0200,-0.655630
27.0400,-0.589427
27.0600,-0.109743
27.0800,0.041520
27.1000,-0.165355
27.1200,-0.452330
27.1400,-0.280308
27.1600,-0.051213
27.1800,-0.202508
27.2000,-0.448474
27.2200,-0.334458
27.2400,-0.122184
27.2600,-0.215095
27.2800,-0.683535
27.3000,-0.703302
27.3200,-0.041249
27.3400,0.094752
27.3600,-0.206390
27.3800,-0.385549
27.4000,-0.260354
27.4200,-0.053884
27.4400,-0.308642
27.4600,-0.568314
27.4800,-0.401219
27.5000,-0.181322
27.5200,-0.426040
27.5400,-0.799211
27.5600,-0.703367
27.5800,-0.153495
27.6000,-0.006347
27.6200,-0.247245
27.6400,-0.388082
27.6600,-0.113165
27.6800,0.023089
27.7000,-0.239962
27.7200,-0.732014
27.7400,-0.433922
27.7600,0.030401
27.7800,-0.293348
27.8000,-0.950780
27.8200,-0.806755
27.8400,0.551172
27.8600,0.777897
27.8800,0.241524
27.9000,0.278835
27.9200,0.384630
27.9400,0.119252
27.9600,-0.547799
27.9800,-0.671763
28.0000,0.174940
28.0200,0.249534
28.0400,-0.554504
28.0600,-0.873532
28.0800,-0.050092
28.1000,0.317351
28.1200,-0.149031
28.1400,-0.359780
28.1600,0.350089
28.1800,0.571990
28.2000,-0.244738
28.2200,-0.608025
28.2400,-0.053694
28.2600,0.283751
28.2800,-0.127088
28.3000,-0.586472
28.3200,-0.251454
28.3400,0.279225
28.3600,0.062209
28.3800,-0.217151
28.4000,0.118777
28.4200,0.701837
28.4400,0.374950
28.4600,-0.260422
28.4800,-0.249773
28.5000,0.304334
28.5200,0.376879
28.5400,-0.045753
28.5600,-0.188720
28.5800,0.071443
28.6000,0.113251
28.6200,-0.083124
28.6400,-0.128048
28.6600,0.395461
28.6800,0.624341
28.7000,0.346321
28.7200,-0.139772
28.7400,-0.161795
28.7600,0.053112
28.7800,0.007833
28.8000,-0.200946
28.8200,-0.321881
28.8400,-0.079082
28.8600,-0.006990
28.8800,-0.223512
28.9000,-0.257726
28.9200,0.321340
28.9400,0.534647
28.9600,0.176037
28.9800,-0.244550
29.0000,-0.090993
29.0200,0.127574
29.0400,-0.167184
29.0600,-0.483404
29.0800,-0.383959
29.1000,0.016884
29.1200,-0.040039
29.1400,-0.410788
29.1600,-0.317207
29.1800,0.260804
29.2000,0.501901
29.2200,-0.033168
29.2400,-0.313721
29.2600,-0.120970
29.2800,0.070398
29.3000,-0.254707
29.3200,-0.553702
29.3400,-0.187399
29.3600,0.393064
29.3800,0.083148
29.4000,-0.450843
29.4200,-0.172333
29.4400,0.831779
29.4600,0.893384
29.4800,-0.148352
29.5000,-0.463270
29.5200,0.264383
29.5400,0.451704
29.5600,-0.514263
29.5800,-0.846758
29.6000,0.266304
29.6200,0.714625
29.6400,-0.118367
29.6600,-0.672360
29.6800,0.185671
29.7000,1.214183
29.7200,0.646324
29.7400,-0.337953
29.7600,-0.323234
29.7800,0.569923
29.8000,0.265617
29.8200,-0.765294
29.8400,-0.745950
29.8600,0.447106
29.8800,0.673053
29.9000,-0.262740
29.9200,-0.742311
29.9400,0.256696
29.9600,1.031149
29.9800,0.414477
30.0000,-0.396946
30.0200,-0.139961
30.0400,0.450863
30.0600,0.125143
30.0800,-1.030459
30.1000,-0.757742
30.1200,0.462948
30.1400,0.566367
30.1600,-0.604775
30.1800,-0.852210
30.2000,0.163776
30.2200,0.714860
30.2400,-0.191197
30.2600,-0.768704
30.2800,-0.033804
30.3000,0.549045
30.3200,-0.329612
30.3400,-1.314587
30.3600,-0.579123
30.3800,0.686503
30.4000,0.387046
30.4200,-0.824581
30.4400,-0.663891
30.4600,0.673229
30.4800,0.865139
30.5000,-0.577845
30.5200,-0.824473
30.5400,0.591082
30.5600,0.830419
30.5800,-0.753662
30.6000,-1.476513
30.6200,-0.192434
30.6400,0.747141
30.6600,-0.102041
30.6800,-0.965956
30.7000,-0.093514
30.7200,0.883538
30.7400,0.163265
30.7600,-0.950036
30.7800,-0.448687
30.8000,0.775886
30.8200,0.396266
30.8400,-1.108778
30.8600,-1.206150
30.8800,0.024392
30.9000,0.426878
30.9200,-0.738926
30.9400,-0.978941
30.9600,0.140567
30.9800,0.773082
31.0000,-0.285388
31.0200,-1.075874
31.0400,-0.139938
31.0600,0.785225
31.0800,-0.102168
31.1000,-1.343010
31.1200,-0.790736
31.1400,0.384848
31.1600,0.042091
31.1800,-1.104247
31.2000,-0.803348
31.2200,0.608904
31.2400,0.590568
31.2600,-0.851651
31.2800,-1.117133
31.3000,0.202770
31.3200,0.461229
31.3400,-0.848172
31.3600,-1.340216
31.3800,-0.351731
31.4000,0.076047
31.4200,-0.796937
31.4400,-1.400417
31.4600,-0.330484
31.4800,0.512098
31.5000,-0.109544
31.5200,-1.147235
31.5400,-0.677151
31.5600,0.147058
31.5800,-0.147512
31.6000,-1.009474
31.6200,-1.007166
31.6400,-0.117075
31.6600,-0.048027
31.6800,-0.842405
31.7000,-1.053220
31.7200,-0.064283
31.7400,0.306517
31.7600,-0.329693
31.7800,-0.995580
31.8000,-0.497451
31.8200,0.318033
31.8400,0.079283
31.8600,-0.891651
31.8800,-0.863760
31.9000,0.153527
31.9200,0.308119
31.9400,-0.675137
31.9600,-0.930006
31.9800,0.032470
32.0000,0.637392
32.0200,-0.115342
32.0400,-0.941133
32.0600,-0.401462
32.0800,0.500655
32.1000,0.136256
32.1200,-0.792070
32.1400,-0.623280
32.1600,0.412433
32.1800,0.295395
32.2000,-0.528227
32.2200,-0.662989
32.2400,0.341669
32.2600,0.609739
32.2800,-0.182762
32.3000,-0.568569
32.3200,0.000269
32.3400,0.381953
32.3600,0.055899
32.3800,-0.562823
32.4000,-0.309880
32.4200,0.483111
32.4400,0.321401
32.4600,-0.486750
32.4800,-0.501852
32.5000,0.407724
32.5200,0.610734
32.5400,-0.284851
32.5600,-0.586967
32.5800,0.170726
32.6000,0.527858
32.6200,-0.168064
32.6400,-0.626228
32.6600,0.091068
32.6800,0.653966
32.7000,-0.066452
32.7200,-0.966722
32.7400,-0.432656
32.7600,0.547207
32.7800,0.204089
32.8000,-0.657517
32.8200,-0.431663
32.8400,0.459508
32.8600,0.301658
32.8800,-0.469845
32.9000,-0.511399
32.9200,0.418492
32.9400,0.574684
32.9600,-0.267725
32.9800,-0.610534
33.0000,-0.116059
33.0200,0.326901
33.0400,0.026063
33.0600,-0.477205
33.0800,-0.206512
33.1000,0.373177
33.1200,0.193558
33.1400,-0.400347
33.1600,-0.437250
33.1800,0.322474
33.2000,0.443438
33.2200,-0.180969
33.2400,-0.551331
33.2600,-0.183468
33.2800,0.330401
33.3000,-0.002747
33.3200,-0.521022
33.3400,-0.277321
33.3600,0.210584
33.3800,0.124340
33.4000,-0.635475
33.4200,-0.600860
33.4400,0.275922
33.4600,0.561642
33.4800,-0.333564
33.5000,-0.911050
33.5200,-0.255807
33.5400,0.235027
33.5600,-0.312377
33.5800,-0.802504
33.6000,-0.316040
33.6200,0.531613
33.6400,0.052140
33.6600,-0.731712
33.6800,-0.441475
33.7000,0.558588
33.7200,0.443113
33.7400,-0.598329
33.7600,-0.775396
33.7800,0.118869
33.8000,0.288837
33.8200,-0.499945
33.8400,-0.744485
33.8600,0.166399
33.8800,0.501467
33.9000,-0.322879
33.9200,-0.966144
33.9400,-0.262393
33.9600,0.507120
33.9800,0.087360
34.0000,-0.768725
34.0200,-0.584027
34.0400,0.276189
34.0600,0.184724
34.0800,-0.778433
34.1000,-0.775481
34.1200,0.090706
34.1400,0.325015
34.1600,-0.655795
34.1800,-0.845453
34.2000,-0.033771
34.2200,0.285460
34.2400,-0.422607
34.2600,-0.903768
34.2800,-0.300627
34.3000,0.088739
34.3200,-0.528763
34.3400,-1.030918
34.3600,-0.530203
34.3800,0.147562
34.4000,-0.177574
34.4200,-0.891193
34.4400,-0.643560
34.4600,0.150298
34.4800,0.129658
34.5000,-0.627080
34.5200,-0.768833
34.5400,-0.170026
34.5600,0.147321
34.5800,-0.417486
34.6000,-0.996469
34.6200,1.008088
34.6400,0.458822
34.6600,-0.225649
34.6800,-0.668331
34.7000,-0.334439
34.7200,0.341866
34.7400,0.192784
34.7600,-0.577809
34.7800,-0.593264
34.8000,0.041524
34.8200,0.040396
34.8400,-0.439370
34.8600,-0.512061
34.8800,-0.118771
34.9000,0.050188
34.9200,-0.282843
34.9400,-0.405206
34.9600,0.093587
34.9800,0.327181
35.0000,-0.055936
35.0200,-0.513305
35.0400,-0.285420
35.0600,0.079824
35.0800,-0.093765
35.1000,-0.538450
35.1200,-0.571012
35.1400,-0.054531
35.1600,0.060715
35.1800,-0.465300
35.2000,-0.561532
35.2200,-0.046616
35.2400,0.159288
35.2600,-0.341628
35.2800,-0.664180
35.3000,-0.221680
35.3200,-0.040426
35.3400,-0.580184
35.3600,-0.881786
35.3800,-0.423560
35.4000,-0.063801
35.4200,-0.269823
35.4400,-0.694098
35.4600,-0.382325
35.4800,-0.023736
35.5000,-0.307688
35.5200,-0.689429
35.5400,-0.488802
35.5600,-0.220836
35.5800,-0.333822
35.6000,-0.841628
35.6200,-0.768514
35.6400,-0.377954
35.6600,-0.291982
35.6800,-0.640749
35.7000,-0.639772
35.7200,-0.173858
35.7400,-0.050654
35.7600,-0.350042
35.7800,-0.632497
35.8000,-0.487243
35.8200,-0.230623
35.8400,-0.383340
35.8600,-0.764637
35.8800,-0.655825
35.9000,-0.345721
35.9200,-0.303948
35.9400,-0.600066
35.9600,-0.596817
35.9800,-0.007397
36.0000,0.149386
36.0200,-0.223514
36.0400,-0.623506
36.0600,-0.253332
36.0800,-0.054073
36.1000,-0.504907
36.1200,-0.909345
36.1400,-0.359353
36.1600,-0.006013
36.1800,-0.477152
36.2000,-0.911059
36.2200,-0.424804
36.2400,0.048022
36.2600,-0.218196
36.2800,-0.579672
36.3000,-0.319235
36.3200,-0.178727
36.3400,-0.484095
36.3600,-0.756214
36.3800,-0.590291
36.4000,-0.370315
36.4200,-0.468803
36.4400,-0.588510
36.4600,-0.451259
36.4800,-0.255439
36.5000,-0.318900
36.5200,-0.335414
36.5400,-0.128122
36.5600,-0.027513
36.5800,-0.224224
36.6000,-0.447270
36.6200,-0.415182
36.6400,-0.366784
36.6600,-0.413613
36.6800,-0.524515
36.7000,-0.320268
36.7200,-0.098020
36.7400,-0.261059
36.7600,-0.436919
36.7800,-0.195455
36.8000,0.167967
36.8200,0.068344
36.8400,-0.217726
36.8600,-0.319587
36.8800,-0.325345
36.9000,-0.337086
36.9200,-0.401700
36.9400,-0.325359
36.9600,-0.116008
36.9800,-0.098030
37.0000,-0.270938
37.0200,-0.436709
37.0400,-0.102556
37.0600,0.128430
37.0800,-0.034910
37.1000,-0.280169
37.1200,-0.361105
37.1400,-0.381805
37.1600,-0.452105
37.1800,-0.545441
37.2000,-0.389570
37.2200,-0.169089
37.2400,-0.148720
37.2600,-0.532064
37.2800,-0.513795
37.3000,-0.205187
37.3200,-0.140010
37.3400,-0.266710
37.3600,-0.213612
37.3800,-0.143785
37.4000,-0.268012
37.4200,-0.831147
37.4400,-0.900159
37.4600,-0.246315
37.4800,-0.049469
37.5000,-0.349941
37.5200,-0.568326
37.5400,-0.320846
37.5600,-0.124425
37.5800,-0.176309
37.6000,-0.337580
37.6200,-0.274555
37.6400,-0.129808
37.6600,-0.383831
37.6800,-0.750672
37.7000,-0.771059
37.7200,-0.356710
37.7400,-0.263347
37.7600,-0.285977
37.7800,-0.249948
37.8000,-0.227528
37.8200,-0.223923
37.8400,-0.297369
37.8600,-0.266147
37.8800,-0.100326
37.9000,-0.119014
37.9200,-0.456932
37.9400,-0.666369
37.9600,-0.465041
37.9800,-0.382749
38.0000,-0.227249
38.0200,-0.194709
38.0400,-0.140730
38.0600,-0.055175
38.0800,-0.008277
38.1000,-0.282873
38.1200,-0.295709
38.1400,-0.083283
38.1600,0.042726
38.1800,-0.337228
38.2000,-0.608260
38.2200,-0.408730
38.2400,-0.093270
38.2600,-0.161357
38.2800,-0.227446
38.3000,-0.045000
38.3200,0.209590
38.3400,-0.064688
38.3600,-0.286248
38.3800,-0.185359
38.4000,0.249352
38.4200,0.201848
38.4400,-0.283085
38.4600,-0.454306
38.4800,-0.126211
38.5000,-0.103992
38.5200,-0.205644
38.5400,-0.237645
38.5600,-0.036690
38.5800,0.111571
38.6000,-0.125723
38.6200,-0.413615
38.6400,-0.334709
38.6600,-0.012355
38.6800,-0.144912
38.7000,-0.375004
38.7200,-0.481622
38.7400,-0.282754
38.7600,-0.243339
38.7800,-0.444910
38.8000,-0.452398
38.8200,-0.172851
38.8400,-0.032260
38.8600,-0.362128
38.8800,-0.590986
38.9000,-0.282520
38.9200,-0.099534
38.9400,-0.300968
38.9600,-0.487628
38.9800,-0.309209
39.0000,-0.066265
39.0200,-0.251981
39.0400,-0.472396
39.0600,-0.426384
39.0800,0.070311
39.1000,-0.025429
39.1200,-0.579091
39.1400,-0.637200
39.1600,-0.140042
39.1800,-0.155571
39.2000,-0.508374
39.2200,-0.610245
39.2400,-0.152467
39.2600,-0.105898
39.2800,-0.434078
39.3000,-0.668774
39.3200,-0.124193
39.3400,0.106754
39.3600,-0.300718
39.3800,-0.552458
39.4000,-0.376191
39.4200,-0.117610
39.4400,-0.342105
39.4600,-0.543132
39.4800,-0.355126
39.5000,-0.066223
39.5200,-0.252507
39.5400,-0.484659
39.5600,-0.473838
39.5800,-0.307368
39.6000,-0.190425
39.6200,-0.364527
39.6400,-0.459150
39.6600,-0.409156
39.6800,-0.238777
39.7000,-0.280197
39.7200,-0.469186
39.7400,-0.486350
39.7600,-0.157792
39.7800,-0.154891
39.8000,-0.576245
39.8200,-0.681385
39.8400,-0.282293
39.8600,-0.128363
39.8800,-0.533116
39.9000,-0.754184
39.9200,-0.230345
39.9400,-0.063912
39.9600,-0.506540
39.9800,-0.736190
40.0000,-0.349625
40.0200,0.039421
40.0400,-0.252691
40.0600,-0.769656
40.0800,-0.442797
40.1000,-0.028048
40.1200,-0.218846
40.1400,-0.717786
40.1600,-0.545807
40.1800,-0.062452
40.2000,-0.120290
40.2200,-0.777406
40.2400,-0.723714
40.2600,-0.084832
40.2800,0.151577
40.3000,-0.543944
40.3200,-0.813060
40.3400,-0.179952
40.3600,0.151376
40.3800,-0.458175
40.4000,-0.870900
40.4200,-0.338905
40.4400,0.193549
40.4600,-0.206140
40.4800,-0.932225
40.5000,-0.652091
40.5200,0.115646
40.5400,0.000879
40.5600,-0.875256
40.5800,-0.754322
40.6000,0.149091
40.6200,0.133190
40.6400,-0.828714
40.6600,-0.968808
40.6800,-0.153382
40.7000,0.272292
40.7200,-0.652503
40.7400,-1.010204
40.7600,-0.257607
40.7800,0.221550
40.8000,-0.597161
40.8200,-1.101288
40.8400,-0.385835
40.8600,0.398642
40.8800,-0.219798
40.9000,-0.998346
40.9200,-0.571510
40.9400,0.304386
40.9600,0.040457
40.9800,-0.966561
41.0000,-0.765243
41.0200,0.206794
41.0400,0.119303
41.0600,-1.014797
41.0800,-1.074357
41.1000,-0.015307
41.1200,0.255637
41.1400,-0.685283
41.1600,-1.024572
41.1800,-0.048856
41.2000,0.518355
41.2200,-0.328429
41.2400,-1.075492
41.2600,-0.218505
41.2800,0.659337
41.3000,0.018288
41.3200,-1.073242
41.3400,-0.698603
41.3600,0.444675
41.3800,0.307869
41.4000,-0.880965
41.4200,-0.863065
41.4400,0.582386
41.4600,0.790326
41.4800,-0.691251
41.5000,-1.179884
41.5200,0.209973
41.5400,0.843972
41.5600,-0.325413
41.5800,-1.247957
41.6000,-0.475110
41.6200,0.527347
41.6400,-0.098995
41.6600,-1.005643
41.6800,-0.356036
41.7000,0.754288
41.7200,0.345303
41.7400,-0.963838
41.7600,-1.073068
41.7800,0.323587
41.8000,0.640154
41.8200,-0.587671
41.8400,-0.995064
41.8600,0.019425
41.8800,0.584978
41.9000,-0.367134
41.9200,-0.952466
41.9400,-0.127935
41.9600,0.738487
41.9800,0.061633
42.0000,-0.999919
42.0200,-0.605501
42.0400,0.489009
42.0600,0.350290
42.0800,-0.663702
42.1000,-0.684795
42.1200,0.358878
42.1400,0.611615
42.1600,-0.402222
42.1800,-0.693710
42.2000,0.355238
42.2200,0.974729
42.2400,0.115408
42.2600,-0.776583
42.2800,-0.155291
42.3000,0.767531
42.3200,0.263274
42.3400,-0.648297
42.3600,-0.316663
42.3800,0.874984
42.4000,0.668148
42.4200,-0.539222
42.4400,-0.508457
42.4600,0.923318
42.4800,1.293175
42.5000,-0.161590
42.5200,0.877643
42.5400,1.334242
42.5600,1.654146
42.5800,-0.083017
42.6000,0.623479
42.6200,0.927784
42.6400,1.238285
42.6600,1.510407
42.6800,0.441016
42.7000,0.371325
42.7200,1.337622
42.7400,0.585787
42.7600,0.778948
42.7800,1.695173
42.8000,1.197492
42.8200,0.524824
42.8400,-0.504401
42.8600,-0.348804
42.8800,0.699085
42.9000,0.748770
42.9200,-0.259759
42.9400,-0.430479
42.9600,0.502194
42.9800,0.769731
43.0000,0.005646
43.0200,-0.184830
43.0400,0.297025
43.0600,0.551899
43.0800,0.178216
43.1000,-0.328557
43.1200,0.088151
43.1400,0.479726
43.1600,0.243345
43.1800,-0.102517
43.2000,0.020298
43.2200,0.340373
43.2400,0.383274
43.2600,0.205182
43.2800,0.254158
43.3000,0.424686
43.3200,0.310860
43.3400,0.138047
43.3600,-0.034313
43.3800,-0.028202
43.4000,0.098748
43.4200,0.111286
43.4400,0.055126
43.4600,0.065903
43.4800,0.317380
43.5000,0.477494
43.5200,0.317672
43.5400,0.101586
43.5600,0.192309
43.5800,0.468253
43.6000,0.261581
43.6200,-0.033577
43.6400,-0.047797
43.6600,0.154449
43.6800,0.091813
43.7000,-0.264893
43.7200,-0.068563
43.7400,0.369549
43.7600,0.565043
43.7800,0.128526
43.8000,-0.073307
43.8200,0.222591
43.8400,0.372533
43.8600,0.065147
43.8800,-0.258809
43.9000,-0.173822
43.9200,0.129951
43.9400,-0.051070
43.9600,-0.450348
43.9800,-0.358083
44.0000,0.273564
44.0200,0.365159
44.0400,-0.183623
44.0600,-0.313050
44.0800,0.116926
44.1000,0.326365
44.1200,-0.369307
44.1400,-0.682602
44.1600,-0.256193
44.1800,0.124398
44.2000,-0.309476
44.2200,-0.715437
44.2400,-0.407900
44.2600,0.004503
44.2800,0.079982
44.3000,-0.195561
44.3200,-0.120360
44.3400,0.155070
44.3600,0.067736
44.3800,-0.245135
44.4000,-0.345037
44.4200,-0.205267
44.4400,-0.105464
44.4600,-0.218520
44.4800,-0.493078
44.5000,-0.298105
44.5200,0.023695
44.5400,0.034835
44.5600,-0.199752
44.5800,-0.199436
44.6000,0.014095
44.6200,-0.029187
44.6400,-0.301387
44.6600,-0.427224
44.6800,-0.162376
44.7000,-0.092869
44.7200,-0.325983
44.7400,-0.528739
44.7600,-0.389519
44.7800,-0.169573
44.8000,-0.155082
44.8200,-0.343583
44.8400,-0.332730
44.8600,-0.196783
44.8800,-0.299966
44.9000,-0.702136
44.9200,-0.747505
44.9400,-0.475604
44.9600,0.205059
44.9800,-0.091904
45.0000,-0.412674
45.0200,-0.080572
45.0400,-0.089593
45.0600,-0.357891
45.0800,-0.357842
45.1000,-0.297456
45.1200,-0.047231
45.1400,-0.258845
45.1600,-0.893286
45.1800,-0.867443
45.2000,-0.493126
45.2200,-0.343349
45.2400,-0.878404
45.2600,-0.954080
45.2800,-0.560703
45.3000,-0.285491
45.3200,-0.525890
45.3400,-0.616678
45.3600,-0.243747
45.3800,-0.047661
45.4000,-0.156740
45.4200,-0.385593
45.4400,-0.364989
45.4600,-0.289567
45.4800,-0.285928
45.5000,-0.475755
45.5200,-0.445026
45.5400,-0.264439
45.5600,-0.127664
45.5800,-0.151273
45.6000,-0.294044
45.6200,-0.059846
45.6400,0.289099
45.6600,0.595055
45.6800,0.412415
45.7000,0.224044
45.7200,-0.003045
45.7400,0.036685
45.7600,-0.122854
45.7800,-0.355488
45.8000,-0.158080
45.8200,0.076019
45.8400,-0.065553
45.8600,-0.235453
45.8800,0.114048
45.9000,0.428874
45.9200,0.327822
45.9400,-0.122091
45.9600,-0.262886
45.9800,0.002604
46.0000,0.095643
46.0200,-0.173345
46.0400,-0.215521
46.0600,0.047220
46.0800,0.053814
46.1000,-0.134434
46.1200,-0.152870
46.1400,0.295800
46.1600,0.421914
46.1800,0.338435
46.2000,0.153377
46.2200,0.002584
46.2400,0.042064
46.2600,0.028401
46.2800,0.023281
46.3000,0.025704
46.3200,-0.005350
46.3400,-0.060541
46.3600,-0.114041
46.3800,-0.097567
46.4000,0.007875
46.4200,0.182778
46.4400,0.227049
46.4600,0.115478
46.4800,-0.006687
46.5000,-0.052415
46.5200,-0.025379
46.5400,0.005527
46.5600,-0.036809
46.5800,-0.002349
46.6000,0.097278
46.6200,-0.067806
46.6400,-0.284524
46.6600,0.001707
46.6800,0.385435
46.7000,0.400723
46.7200,0.121340
46.7400,-0.010617
46.7600,0.078917
46.7800,0.049229
46.8000,-0.151275
46.8200,-0.161351
46.8400,0.262526
46.8600,0.338029
46.8800,-0.057609
46.9000,-0.179018
46.9200,0.182453
46.9400,0.567373
46.9600,0.418214
46.9800,0.067650
47.0000,0.062015
47.0200,0.296796
47.0400,0.092367
47.0600,-0.365153
47.0800,-0.045226
47.1000,0.419490
47.1200,0.302729
47.1400,-0.220995
47.1600,-0.047548
47.1800,0.496582
47.2000,0.401283
47.2200,0.112696
47.2400,0.139009
47.2600,0.406209
47.2800,0.189702
47.3000,-0.208892
47.3200,-0.259697
47.3400,0.226125
47.3600,0.171968
47.3800,-0.151216
47.4000,-0.126911
47.4200,0.157653
47.4400,0.173451
47.4600,0.020731
47.4800,0.062178
47.5000,0.360862
47.5200,0.417103
47.5400,0.099132
47.5600,-0.125264
47.5800,-0.012846
47.6000,0.114426
47.6200,0.157498
47.6400,0.135715
47.6600,0.010685
47.6800,0.120920
47.7000,0.112448
47.7200,-0.015744
47.7400,0.061228
47.7600,0.396914
47.7800,0.410741
47.8000,-0.070123
47.8200,-0.353476
47.8400,-0.047489
47.8600,0.129239
47.8800,-0.167103
47.9000,-0.258505
47.9200,-0.084089
47.9400,0.100588
47.9600,-0.028791
47.9800,-0.261498
48.0000,-0.138967
48.0200,0.138961
48.0400,0.126583
48.0600,-0.022470
48.0800,-0.180229
48.1000,-0.219349
48.1200,-0.253472
48.1400,-0.240768
48.1600,-0.257969
48.1800,-0.219998
48.2000,-0.193812
48.2200,-0.221492
48.2400,-0.260201
48.2600,-0.253982
48.2800,-0.187567
48.3000,-0.049288
48.3200,-0.116286
48.3400,-0.340777
48.3600,-0.349918
48.3800,-0.229173
48.4000,-0.230588
48.4200,-0.393375
48.4400,-0.465637
48.4600,-0.259838
48.4800,-0.153409
48.5000,-0.399685
48.5200,-0.515441
48.5400,-0.319635
48.5600,-0.156575
48.5800,-0.211455
48.6000,-0.489405
48.6200,-0.452735
48.6400,-0.370744
48.6600,-0.381677
48.6800,-0.431383
48.7000,-0.330902
48.7200,-0.261178
48.7400,-0.308757
48.7600,-0.338247
48.7800,-0.236867
48.8000,-0.124135
48.8200,-0.023807
48.8400,-0.119143
48.8600,-0.167494
48.8800,-0.239648
48.9000,-0.259346
48.9200,-0.184661
48.9400,-0.163466
48.9600,-0.208876
48.9800,-0.214725
49.0000,-0.119867
49.0200,-0.212062
49.0400,-0.246491
49.0600,-0.215131
49.0800,-0.128756
49.1000,-0.165604
49.1200,-0.250808
49.1400,-0.226368
49.1600,-0.163182
49.1800,-0.210312
49.2000,-0.177820
49.2200,-0.176897
49.2400,-0.206730
49.2600,-0.206672
49.2800,-0.139172
49.3000,-0.119349
49.3200,-0.224190
49.3400,-0.216247
49.3600,-0.100066
49.3800,-0.119759
49.4000,-0.254437
49.4200,-0.340192
49.4400,-0.263617
49.4600,-0.222169
49.4800,-0.330805
49.5000,-0.361787
49.5200,-0.106530
49.5400,-0.058923
49.5600,-0.183535
49.5800,-0.315196
49.6000,-0.130733
49.6200,-0.140935
49.6400,-0.387930
49.6600,-0.365180
49.6800,-0.265897
49.7000,-0.400434
49.7200,-0.697512
49.7400,-0.513967
49.7600,-0.275959
49.7800,-0.242293
49.8000,-0.247867
49.8200,-0.322868
49.8400,-0.314138
49.8600,-0.276660
49.8800,-0.296783
49.9000,-0.355483
49.9200,-0.287324
49.9400,-0.312967
49.9600,-0.366323
49.9800,-0.607521
50.0000,-0.603775
50.0200,-0.492569
50.0400,-0.203501
50.0600,-0.182974
50.0800,-0.317375
50.1000,-0.434350
50.1200,-0.383435
50.1400,-0.244057
50.1600,-0.363653
50.1800,-0.241452
50.2000,-0.175783
50.2200,-0.369139
50.2400,-0.595032
50.2600,-0.686735
50.2800,-0.390779
50.3000,-0.051267
50.3200,-0.041915
50.3400,-0.254790
50.3600,-0.318071
50.3800,-0.235661
50.4000,-0.179673
50.4200,-0.272347
50.4400,-0.245459
50.4600,-0.170974
50.4800,-0.179616
50.5000,-0.532370
50.5200,-0.576000
50.5400,-0.308430
50.5600,0.029800
50.5800,0.093161
50.6000,-0.104691
50.6200,-0.099341
50.6400,0.079338
50.6600,-0.006971
50.6800,-0.153118
50.7000,-0.073706
50.7200,0.151147
50.7400,0.153212
50.7600,-0.379812
50.7800,-0.490795
50.8000,-0.206367
50.8200,0.124024
50.8400,0.163706
50.8600,0.107931
50.8800,-0.009497
50.9000,0.133894
50.9200,0.077109
50.9400,-0.023438
50.9600,-0.137294
50.9800,0.215767
51.0000,0.200981
51.0200,-0.263225
51.0400,-0.540067
51.0600,-0.126640
51.0800,0.165722
51.1000,0.074935
51.1200,-0.091517
51.1400,0.085016
51.1600,0.220607
51.1800,-0.007304
51.2000,-0.218248
51.2200,0.027616
51.2400,0.299634
51.2600,0.030077
51.2800,-0.151969
51.3000,-0.156364
51.3200,0.071157
51.3400,0.105753
51.3600,-0.073001
51.3800,0.089190
51.4000,0.255619
51.4200,0.034551
51.4400,-0.294467
51.4600,-0.073250
51.4800,0.171240
51.5000,0.072988
51.5200,-0.123703
51.5400,-0.123494
51.5600,-0.087101
51.5800,-0.245850
51.6000,-0.321920
51.6200,-0.024056
51.6400,0.130597
51.6600,0.010557
51.6800,-0.140194
51.7000,-0.101299
51.7200,-0.074727
51.7400,-0.228558
51.7600,-0.245576
51.7800,-0.180299
51.8000,-0.058334
51.8200,-0.217117
51.8400,-0.206440
51.8600,-0.101326
51.8800,-0.068427
51.9000,-0.059672
51.9200,0.092139
51.9400,0.202867
51.9600,-0.090720
51.9800,-0.218738
52.0000,-0.133356
52.0200,-0.063261
52.0400,-0.151567
52.0600,-0.225514
52.0800,-0.074444
52.1000,-0.086392
52.1200,-0.203404
52.1400,-0.215101
52.1600,0.197717
52.1800,0.303812
52.2000,0.095573
52.2200,-0.025100
52.2400,0.057781
52.2600,0.153293
52.2800,0.094383
52.3000,-0.010617
52.3200,-0.013198
52.3400,0.114317
52.3600,0.060970
52.3800,-0.206241
52.4000,-0.164627
52.4200,0.169721
52.4400,0.274733
52.4600,0.108365
52.4800,0.047497
52.5000,0.142206
52.5200,0.145737
52.5400,0.033267
52.5600,-0.111462
52.5800,-0.028375
52.6000,0.073860
52.6200,0.033389
52.6400,-0.160246
52.6600,-0.168635
52.6800,0.202436
52.7000,0.253210
52.7200,0.067041
52.7400,-0.014788
52.7600,0.095417
52.7800,0.086267
52.8000,-0.101368
52.8200,-0.242856
52.8400,-0.137110
52.8600,-0.079869
52.8800,-0.179082
52.9000,-0.211079
52.9200,-0.079230
52.9400,0.022549
52.9600,-0.004874
52.9800,-0.048791
53.0000,0.005934
53.0200,-0.008580
53.0400,-0.173018
53.0600,-0.329275
53.0800,-0.194554
53.1000,-0.112887
53.1200,-0.244127
53.1400,-0.344404
53.1600,0.047599
53.1800,0.195281
53.2000,-0.041949
53.2200,-0.203506
53.2400,0.280283
53.2600,0.439982
53.2800,-0.029512
53.3000,-0.409937
53.3200,-0.074977
53.3400,0.232174
53.3600,-0.074198
53.3800,-0.528533
53.4000,-0.256128
53.4200,0.401226
53.4400,0.368581
53.4600,-0.320167
53.4800,-0.369393
53.5000,0.449810
53.5200,0.597140
53.5400,-0.213354
53.5600,-0.576656
53.5800,0.022945
53.6000,0.606113
53.6200,-0.038305
53.6400,-0.722648
53.6600,-0.113817
53.6800,0.876970
53.7000,0.499829
53.7200,-0.470358
53.7400,-0.299873
53.7600,0.749893
53.7800,0.615574
53.8000,-0.556224
53.8200,-0.768879
53.8400,0.424470
53.8600,0.674159
53.8800,-0.264619
53.9000,-0.586052
53.9200,0.344171
53.9400,0.821346
53.9600,0.000113
53.9800,-0.408855
54.0000,0.260744
54.0200,0.916976
54.0400,0.114742
54.0600,-0.689166
54.0800,-0.280502
54.1000,0.490187
54.1200,0.238187
54.1400,-0.460035
54.1600,-0.403210
54.1800,0.400862
54.2000,0.461575
54.2200,-0.236217
54.2400,-0.348201
54.2600,0.419279
54.2800,0.681001
54.3000,0.004280
54.3200,-0.365716
54.3400,-0.022138
54.3600,0.369896
54.3800,0.194961
54.4000,-0.259633
54.4200,-0.254817
54.4400,0.285712
54.4600,0.447757
54.4800,0.042182
54.5000,-0.158015
54.5200,0.082934
54.5400,0.370923
54.5600,0.137489
54.5800,-0.280626
54.6000,-0.132024
54.6200,0.446901
54.6400,0.312650
54.6600,-0.261374
54.6800,-0.220853
54.7000,0.476323
54.7200,0.578284
54.7400,-0.192754
54.7600,-0.308598
54.7800,0.198850
54.8000,0.403035
54.8200,-0.333277
54.8400,-0.521880
54.8600,0.031312
54.8800,0.193273
54.9000,-0.185464
54.9200,-0.428460
54.9400,0.015432
54.9600,0.463477
54.9800,0.046647
55.0000,-0.371970
55.0200,-0.083662
55.0400,0.345305
55.0600,0.124582
55.0800,-0.403853
55.1000,-0.300963
55.1200,-0.006583
55.1400,0.094463
55.1600,-0.330639
55.1800,-0.397769
55.2000,-0.027581
55.2200,0.267701
55.2400,-0.046353
55.2600,-0.223605
55.2800,0.051434
55.3000,0.376733
55.3200,0.174968
55.3400,-0.154688
55.3600,-0.083640
55.3800,0.275002
55.4000,0.323747
55.4200,-0.114953
55.4400,-0.273592
55.4600,0.148786
55.4800,0.326805
55.5000,0.055953
55.5200,-0.190967
55.5400,-0.102943
55.5600,0.356446
55.5800,0.436352
55.6000,-0.044804
55.6200,-0.024161
55.6400,0.410223
55.6600,0.471119
55.6800,-0.073900
55.7000,-0.265683
55.7200,0.259668
55.7400,0.514041
55.7600,0.066542
55.7800,-0.238275
55.8000,0.135711
55.8200,0.596772
55.8400,0.314556
55.8600,-0.073347
55.8800,0.124447
55.9000,0.623508
55.9200,0.394133
55.9400,-0.357859
55.9600,-0.298891
55.9800,0.450027
56.0000,0.521374
56.0200,-0.097267
56.0400,-0.229971
56.0600,0.478492
56.0800,0.678108
56.1000,-0.035376
56.1200,-0.314118
56.1400,0.197233
56.1600,0.732165
56.1800,0.209388
56.2000,-0.435406
56.2200,-0.036997
56.2400,0.552522
56.2600,0.437185
56.2800,-0.244211
56.3000,-0.021797
56.3200,0.707541
56.3400,0.689412
56.3600,-0.134702
56.3800,-0.137883
56.4000,0.835126
56.4200,0.962581
56.4400,0.284946
56.4600,-0.096103
56.4800,0.359601
56.5000,0.803845
56.5200,0.146515
56.5400,-0.371079
56.5600,0.337856
56.5800,1.123511
56.6000,0.739894
56.6200,0.000067
56.6400,0.214115
56.6600,1.093898
56.6800,1.048008
56.7000,0.232917
56.7200,0.008952
56.7400,0.852628
56.7600,1.048170
56.7800,0.191432
56.8000,-0.061905
56.8200,0.669272
56.8400,1.221484
56.8600,0.755638
56.8800,0.255966
56.9000,0.717003
56.9200,1.278178
56.9400,1.007815
56.9600,0.293348
56.9800,0.188746
57.0000,0.680706
57.0200,0.900475
57.0400,0.279391
57.0600,-0.000289
57.0800,0.565909
57.1000,1.083833
57.1200,0.698051
57.1400,0.028751
57.1600,0.286621
57.1800,1.163504
57.2000,1.158251
57.2200,-0.002635
57.2400,-0.251613
57.2600,0.931944
57.2800,1.347072
57.3000,0.215328
57.3200,-0.406186
57.3400,0.606243
57.3600,1.336207
57.3800,0.511369
57.4000,-0.466129
57.4200,0.307725
57.4400,1.493242
57.4600,0.897729
57.4800,-0.483733
57.5000,-0.204872
57.5200,1.206440
57.5400,1.132375
57.5600,-0.263488
57.5800,-0.499669
57.6000,0.986248
57.6200,1.359917
57.6400,0.085491
57.6600,-0.504714
57.6800,0.491077
57.7000,1.348911
57.7200,0.324260
57.7400,-0.688047
57.7600,0.028288
57.7800,1.127957
57.8000,0.615760
57.8200,-0.501549
57.8400,-0.131011
57.8600,1.189656
57.8800,1.143363
57.9000,-0.237376
57.9200,-0.424945
57.9400,0.820076
57.9600,1.200580
57.9800,-0.068411
58.0000,-0.664902
58.0200,0.404239
58.0400,1.148464
58.0600,0.201317
58.0800,-0.727655
58.1000,0.171059
58.1200,1.337562
58.1400,0.757685
58.1600,-0.422062
58.1800,-0.185711
58.2000,1.026805
58.2200,0.893375
58.2400,-0.363046
58.2600,-0.401792
58.2800,0.516568
58.3000,0.841483
58.3200,-0.165454
58.3400,-0.532995
58.3600,0.470220
58.3800,1.151849
58.4000,0.458887
58.4200,-0.319206
58.4400,0.186106
58.4600,0.927424
58.4800,0.468713
58.5000,-0.453092
58.5200,-0.349771
58.5400,0.639408
58.5600,0.656004
58.5800,-0.158109
58.6000,-0.334124
58.6200,0.435442
58.6400,0.879307
58.6600,0.410776
58.6800,0.052632
58.7000,0.510777
58.7200,0.891225
58.7400,0.286241
58.7600,-0.192180
58.7800,0.035197
58.8000,0.557821
58.8200,0.420547
58.8400,-0.060963
58.8600,-0.006307
58.8800,0.424763
58.9000,0.488484
58.9200,0.337656
58.9400,0.257280
58.9600,0.441766
58.9800,0.539576
59.0000,0.379539
59.0200,0.042460
59.0400,-0.011164
59.0600,0.249115
59.0800,0.351487
59.1000,0.191667
59.1200,0.019998
59.1400,0.227735
59.1600,0.607607
59.1800,0.389958
59.2000,0.179873
59.2200,0.269930
59.2400,0.692433
59.2600,0.639547
59.2800,-0.091922
59.3000,-0.161258
59.3200,0.459947
59.3400,0.618927
59.3600,0.150856
59.3800,-0.039664
59.4000,0.496865
59.4200,0.854783
59.4400,0.419892
59.4600,-0.055026
59.4800,0.433545
59.5000,0.891943
59.5200,0.323774
59.5400,-0.370041
59.5600,-0.068678
59.5800,0.605771
59.6000,0.486606
59.6200,-0.169043
59.6400,-0.158401
59.6600,0.651136
59.6800,0.755776
59.7000,0.035824
59.7200,-0.148910
59.7400,0.651350
59.7600,0.916329
59.7800,0.224702
59.8000,-0.376578
59.8200,0.412776
59.8400,0.596258
59.8600,0.548737
59.8800,0.561470
