run_name,tracker,compensator,affine_model,transform_smoothing,smoothing_alpha,lds_alignment,wiener_alpha,filter,metric_artifact_floor_mm,symmetric_lds_filter,rmse_mm,normalized_rmse,mae_mm,phase_lag_deg_11.7hz,coherence_11.7hz,amplitude_ratio_11.7hz,baseline_rmse_mm,improvement_pct,n_frames,lag_s,mm_per_px,elapsed_s,seed,timestamp,motion_model,note
FINAL_corner_klt_affineflow_wiener16,corner_klt,affine_flow,similarity,none,,decimated,16.0,bandpass_wiener,,True,0.05773700978186948,0.1537885227493322,0.04401850555664631,-0.8164232156540173,0.9988193822365169,1.06153042205362,0.37439055993986403,84.57840128470563,3033,0.1998150794529152,0.8661417322834646,121.95517778396606,42,2026-08-19 01:42:34,,
FINAL_icgn_affineflow_wiener16,icgn,affine_flow,similarity,none,,decimated,16.0,bandpass_wiener,,True,0.05825741623052307,0.15517467938040863,0.04434732030283799,-0.8830007851220772,0.9987826327246915,1.055993650309429,0.37439055993986403,84.43940033106588,3033,0.19983129773226374,0.8661417322834646,124.6502628326416,42,2026-08-19 01:44:46,,
templatematch_affine_config,template_match_fullframe,affine_flow_similarity,,,,,,bandpass_0.2_20hz_native,,,0.07039390325202721,,,,,,0.3748,81.2182755464175,3033,-0.2,0.8661417322834646,,,2026-08-18 06:16:37,affine,"full-frame NCC template matching + RANSAC 4-DOF similarity compensation, 0.2-20 Hz symmetric Butterworth; kept frozen as a regression fixed point"
postaudit_cornerklt_affineflow,corner_klt,affine_flow,similarity,none,,decimated,,bandpass,,True,0.07073494626847077,0.18827646240270043,0.05318117654911611,-0.8160867518854557,0.9988161017316776,1.061963108447548,0.37439055993986403,81.10664267821484,3033,0.1998150794529152,0.8661417322834646,146.49049425125122,42,2026-08-18 22:46:25,,
icgn_affineflow_bp0.2-20_symlds_SIGNFIX,icgn,affine_flow,similarity,none,,decimated,,bandpass,,True,0.07108776563608807,0.18921556797789973,0.05364967273054477,-0.882627142427092,0.9987792860696791,1.0564544673470133,0.37439055993986403,81.01240435989988,3033,0.19983129773226374,0.8661417322834646,130.93049240112305,42,2026-08-18 22:24:26,,
icgn_differential_bp9-14_symlds,icgn,differential,,,,,,bandpass,,True,0.07259974296771304,0.20665468618717908,0.05826094641101043,5.951556169919793,0.9984270479561841,0.936816427045859,0.3747510188158424,80.62720597875426,3033,0.05627298986179177,0.8661417322834646,0.005016803741455078,42,2026-08-18 14:47:42,,
icgn_affineflow_bp9-14_symlds,icgn,affine_flow,similarity,,,,,bandpass,,True,0.07283072849388203,0.2073121849533312,0.058828258592612016,5.832078753247314,0.9984445619769988,0.9350126826268262,0.3747510188158424,80.56556891452456,3033,0.05627128058580848,0.8661417322834646,129.0354664325714,42,2026-08-18 14:51:21,,
templatematch_differential_bp9-14_symlds,template_match,differential,,,,,,bandpass,,True,0.07299318393124594,0.20777461327684152,0.05880500852445536,5.926699208262071,0.9982187101183285,0.9271104803220545,0.3747510188158424,80.52221868218167,3033,0.05629386710420091,0.8661417322834646,0.006998538970947266,42,2026-08-18 14:48:26,,
templatematch_affineflow_bp0.2-20_symlds_SIGNFIX,template_match,affine_flow,similarity,none,,decimated,,bandpass,,True,0.07728150686189694,0.2057015589703443,0.05868644136692414,-0.922483214751329,0.9983769976945723,1.0574798065823532,0.37439055993986403,79.35805142247439,3033,0.19984511356377216,0.8661417322834646,139.36410284042358,42,2026-08-18 22:29:03,,
postaudit_icgn_affineflow_homography,icgn,affine_flow,homography,none,,decimated,,bandpass,,True,0.1280360732367101,0.3407958894525362,0.09210996702456865,-0.34034271159568624,0.9971809402206715,1.0559218491278968,0.37439055993986403,65.80146859010662,3033,0.1998436795838511,0.8661417322834646,160.13845562934875,42,2026-08-18 22:41:13,,
icgn_differential_bp9-14_nativelds,icgn,differential,,,,native,,bandpass,,False,0.13873465355590267,0.3700350776667909,0.10860882307212805,1.5143748576898217,0.9988458547074799,0.8784081895544069,0.37439055993986403,62.94386974442232,3033,0.24300000000000005,0.8661417322834646,88.50572633743286,42,2026-08-18 21:41:34,,
templatematch_differential_bp9-14_nativelds,template_match,differential,,,,native,,bandpass,,False,0.13946657752243108,0.37198727587292535,0.10902684317232685,1.5682600988950195,0.998697990372915,0.9147483077754333,0.37439055993986403,62.748372302754454,3033,0.24300000000000005,0.8661417322834646,43.19965672492981,42,2026-08-18 21:42:37,,
postaudit_gabor_affineflow,gabor_phase,affine_flow,similarity,none,,decimated,,bandpass,,True,0.14316380751568933,0.3810616483802958,0.11166160099608027,0.05933765309192886,0.9984564457355375,1.0632256914197455,0.37439055993986403,61.76083939224193,3033,0.19963930098135743,0.8661417322834646,147.0661461353302,42,2026-08-18 22:43:50,,
icgn_differential_bp0.2-20_symlds_SIGNFIX,icgn,differential,,,,decimated,,bandpass,,True,0.14820940338624494,0.3944916004950021,0.11783013102456841,-0.7412096279113037,0.9987815685136904,1.0788090877084335,0.37439055993986403,60.41315694229821,3033,0.19983664444502544,0.8661417322834646,70.51032447814941,42,2026-08-18 22:30:23,,
icgn_differential_bp9-14_v2,icgn,differential,,,,,,bandpass,,False,0.14914924514853187,0.39803370241912905,0.11689615656778633,-11.1069732104306,0.9988694075542414,0.9593025710031533,0.37439055993986403,60.162124501085515,3033,0.24,0.8661417322834646,119.83058023452759,42,2026-08-18 16:11:20,,
templatematch_differential_bp9-14_v2,template_match,differential,,,,,,bandpass,,False,0.1495718303506559,0.3991614530317551,0.11725492948982866,-11.046979464539739,0.9987213987109239,0.9652099164741061,0.37439055993986403,60.04925167592883,3033,0.24,0.8661417322834646,65.26110029220581,42,2026-08-18 16:12:41,,
icgn_differential,icgn,differential,,,,,,bandpass,,,0.14993667225575558,0.39996988587326976,0.11785193969917207,5.951583285141177,0.9984267622860485,0.9349485085010945,0.3747510188158424,59.99032298043292,3033,0.05627301658713045,0.8661417322834646,66.2831130027771,,2026-08-18 05:06:12,,
icgn_affineflow_fullframe_bp9-14,icgn,affine_flow,,,,,,bandpass,,,0.15004709555762752,0.40026445020355,0.11791310415427167,5.832084412217645,0.9984445607070438,0.9331383021283933,0.3747510188158424,59.96085720280253,3033,0.05627128058580848,0.8661417322834646,124.78784513473511,,2026-08-18 07:02:41,affine,
templatematch_differential,template_match,differential,,,,,,bandpass,,,0.15012276200302904,0.40046629741728607,0.11798541631129543,5.926716644384798,0.9982183617921042,0.9252631910272456,0.3747510188158424,59.94066607813511,3033,0.05629389023643201,0.8661417322834646,46.256036043167114,,2026-08-18 05:22:41,,
ABL_template_match_differential,template_match,differential,,,,decimated,,bandpass,,True,0.150219000383194,0.399840580502771,0.11975601494263623,-0.6889728517320968,0.9986411052343692,1.0510567709869039,0.37439055993986403,59.876392073741734,3033,0.19983508900023925,0.8661417322834646,42.21278095245361,42,2026-08-19 01:39:01,,
gabor_differential,gabor_phase,differential,,,,,,bandpass,,,0.15344326240479678,0.40932403813379187,0.1208740772724106,6.750557480676562,0.9984888988800268,0.7912663752767681,0.3747510188158424,59.05461100822228,3033,0.05604368476553205,0.8661417322834646,44.387685775756836,,2026-08-18 05:18:22,,
icgn_affineflow_full6dof_bp9-14,icgn,affine_flow,full,,,,,bandpass,,False,0.1561235455479661,0.41647394033418783,0.12234052202376011,6.602765662328201,0.9959216214479019,1.0043787788042131,0.3747510188158424,58.33939396848251,3033,0.05631005601068198,0.8661417322834646,122.80960512161255,42,2026-08-18 14:56:05,,
cornerklt_differential,corner_klt,differential,,,,,,bandpass,,,0.15802019045669374,0.4215334153530273,0.12255439340469758,5.778934206426313,0.9976064312722523,0.9967312357810262,0.3747510188158424,57.83328596250009,3033,0.05619619705366302,0.8661417322834646,51.34864640235901,,2026-08-18 05:21:23,,
icgn_affineflow_fullframe,icgn,affine_flow,,,,,,bandpass,,,0.17431872009241028,0.4650112446273756,0.13932090456958302,5.832084120087257,0.9984445696705702,0.9366493801141439,0.3747510188158424,53.48412376749994,3033,0.05627128058580848,0.8661417322834646,133.9594075679779,,2026-08-18 06:52:52,affine,
icgn_affineflow_fullframe_bp9-14_ema_a0.5,icgn,affine_flow,similarity,ema,0.5,,,bandpass,,False,0.1754207168901578,0.46814422262260214,0.13934945300949395,-9.479211591622478,0.992423053665501,0.8902015910287551,0.37439055993986403,53.14499464988259,3033,0.24,0.8661417322834646,205.39976954460144,42,2026-08-18 16:48:34,,
icgn_affineflow_fullframe_raw,icgn,affine_flow,,,,,,none,,,0.1770054600471769,0.4721783709675289,0.1406241602910349,5.8320881740585255,0.9984445653903474,0.9371546373874597,0.3747510188158424,52.76718376737497,3033,0.05627128058580848,0.8661417322834646,122.05934047698975,,2026-08-18 06:55:47,affine,
icgn_affineflow_fullframe_v2,icgn,affine_flow,,,,,,none,,,0.1770054600471769,0.4721783709675289,0.1406241602910349,5.8320881740585255,0.9984445653903474,0.9371546373874597,0.3747510188158424,52.76718376737497,3033,0.05627128058580848,0.8661417322834646,129.8100028038025,,2026-08-18 06:59:53,affine,
postaudit_icgn_affineflow_kalman,icgn,affine_flow,similarity,kalman,,decimated,,bandpass,,True,0.17918828676549164,0.4769486444247886,0.14749613222570213,0.7773738208608438,0.9870722417592427,1.6412669033086358,0.37439055993986403,52.13867390399118,3033,0.1998118842445358,0.8661417322834646,146.53192925453186,42,2026-08-18 22:57:42,,
icgn_cubic_affineflow_bp0.2-20,icgn,affine_flow,,,,,,bandpass,,,0.18047558034629907,0.48143523654367637,0.14276176973318766,5.844482001509887,0.9984141862531007,0.9365904666409579,0.3747510188158424,51.841203549872894,3033,0.05628081608740731,0.8661417322834646,64.1200602054596,,2026-08-18 05:04:17,affine,
icgn_affineflow_bp0.2-20,icgn,affine_flow,,,,,,bandpass,,,0.18080503003798473,0.4823140739461747,0.14281148702984464,5.850020891687992,0.9984646953958839,0.9406470399709059,0.3747510188158424,51.75329192985204,3033,0.05628705930785904,0.8661417322834646,54.05651307106018,,2026-08-18 04:29:29,,
templatematch_affineflow_bp0.2-20_v2,template_match,affine_flow,,,,,,bandpass,,,0.18184533460607374,0.48508918221763386,0.14426298798897444,5.8039984313658834,0.9980269199228365,0.9320027838286182,0.3747510188158424,51.47569306664514,3033,0.056295720099490874,0.8661417322834646,46.53298354148865,,,,
templatematch_affineflow_confirmed,template_match,affine_flow,,,,,,bandpass,,,0.18184533460607374,0.48508918221763386,0.14426298798897444,5.8039984313658834,0.9980269199228365,0.9320027838286182,0.3747510188158424,51.47569306664514,3033,0.056295720099490874,0.8661417322834646,57.55453634262085,,,,
icgn_affineflow_full6dof_bp9-14_ema_a0.5,icgn,affine_flow,full,ema,0.5,,,bandpass,,False,0.18222181133825865,0.48629426287915123,0.14484955974734084,-9.125907673777228,0.9902874496963772,0.9049278024164955,0.37439055993986403,51.32841721021818,3033,0.24,0.8661417322834646,126.55288076400757,42,2026-08-18 16:57:38,,
icgn_affineflow_bp0.2-20_symlds,icgn,affine_flow,similarity,,,,,bandpass,,True,0.18387420618570638,0.48752795334972926,0.14422256331993227,5.832088695462228,0.9984445639308969,0.9351682831569992,0.3747510188158424,50.93430118836726,3033,0.05627128058580848,0.8661417322834646,125.19043064117432,42,2026-08-18 14:53:55,,
templatematch_affineflow_bandpass0.2-20hz,template_match,affine_flow,,,,,,bandpass,,,0.18477300204553462,0.4928990048181958,0.14608768945103665,5.941299537189668,0.99858037356735,0.94088085596327,0.3747510188158424,50.69446305192448,3033,0.05611475910228782,0.8661417322834646,45.756410121917725,,,,
icgn_affineflow,icgn,affine_flow,,,,,,none,,,0.18758385118782303,0.5003972038493866,0.1479822912502901,5.850025024636538,0.998464694053024,0.9414394235536561,0.3747510188158424,49.94440527992155,3033,0.05628705930785904,0.8661417322834646,56.76384449005127,,,,
templatematch64_affineflow,template_match,affine_flow,,,,,,none,,,0.1891918834978497,0.504686778173304,0.1493686636421287,5.799102637389119,0.998026915379884,0.9326832785990987,0.3747510188158424,49.5153117673521,3033,0.05629454650980149,0.8661417322834646,46.46500635147095,,,,
templatematch64_affineflow_v2,template_match,affine_flow,,,,,,none,,,0.18919545627016873,0.5046963088725998,0.14937191673282343,5.804002712418524,0.9980269187462016,0.9326862040488099,0.3747510188158424,49.51435839507566,3033,0.056295720099490874,0.8661417322834646,47.64945840835571,,,,
templatematch_affineflow,template_match,affine_flow,,,,,,none,,,0.19237100128864454,0.5131673677504351,0.15195608052891488,5.941303614086598,0.9985803775385712,0.9415540951692295,0.3747510188158424,48.66698377591918,3033,0.05611475910228782,0.8661417322834646,46.69269347190857,,,,
icgn_affineflow_fullframe_bp9-14_ema_a0.3,icgn,affine_flow,similarity,ema,0.3,,,bandpass,,False,0.1929931660391238,0.515039713031349,0.15420550486649828,-9.264645792671121,0.9888102642032557,0.8360784246879357,0.37439055993986403,48.451380272482545,3033,0.24,0.8661417322834646,139.1377785205841,42,2026-08-18 16:51:02,,
postaudit_icgn_affineflow_full,icgn,affine_flow,full,none,,decimated,,bandpass,,True,0.19311817496190417,0.5140260751664687,0.13931299627058305,-0.30464101772358704,0.9968229179579683,0.9546203044170409,0.37439055993986403,48.417990295235136,3033,0.19982451173799137,0.8661417322834646,149.47185802459717,42,2026-08-18 22:38:24,,
widebg_wide6_corner_klt,corner_klt,affine_flow,similarity,none,,decimated,,bandpass,,True,0.19673158706475546,0.5236439583178296,0.1537590685239543,-1.3202621466296216,0.9979159916100154,0.9938930684059188,0.37439055993986403,47.45284520625862,3033,0.19984871847710153,0.8661417322834646,142.82709050178528,42,2026-08-18 23:02:56,,
widebg_wide4_notripod_corner_klt,corner_klt,affine_flow,similarity,none,,decimated,,bandpass,,True,0.19676200795848334,0.523724930150797,0.15276151944595173,-1.2714999789770542,0.9971555039914589,0.9840750650180142,0.37439055993986403,47.444719762675646,3033,0.19973984163391087,0.8661417322834646,143.131653547287,42,2026-08-18 23:08:03,,
icgn_affineflow_full6dof_bp9-14_ema_a0.3,icgn,affine_flow,full,ema,0.3,,,bandpass,,False,0.196862454270724,0.5253656594953546,0.15738687115132516,-9.06766374816991,0.9874678238847263,0.8416203212977916,0.37439055993986403,47.41789047716781,3033,0.24,0.8661417322834646,128.9605643749237,42,2026-08-18 16:59:55,,
widebg_wide4_notripod_icgn,icgn,affine_flow,similarity,none,,decimated,,bandpass,,True,0.1981752101707643,0.527486475571049,0.15381666131488797,-1.3392506364130567,0.996801449394981,0.9773078679887379,0.37439055993986403,47.06725238943099,3033,0.19975649591136882,0.8661417322834646,148.78065371513367,42,2026-08-18 23:05:32,,
widebg_wide6_icgn,icgn,affine_flow,similarity,none,,decimated,,bandpass,,True,0.19848682228188388,0.5283158990599812,0.15506046915323568,-1.3872146062763677,0.9976788008674427,0.9888070194995718,0.37439055993986403,46.98402056030324,3033,0.19986486982657373,0.8661417322834646,149.16800332069397,42,2026-08-18 23:00:25,,
icgn_affineflow_fullframe_bp9-14_kalman,icgn,affine_flow,similarity,kalman,,,,bandpass,,False,0.20319098566703203,0.5422545735494596,0.16255823354026763,-9.471444017789072,0.9870717143777005,0.7746387565855956,0.37439055993986403,45.72753498387638,3033,0.24,0.8661417322834646,123.02736520767212,42,2026-08-18 16:55:25,,
icgn_affineflow_full6dof_bp9-14_kalman,icgn,affine_flow,full,kalman,,,,bandpass,,False,0.2034702940748729,0.5429999622343235,0.16285279904265684,-9.416206201782574,0.9869298077233662,0.7793816972210386,0.37439055993986403,45.652931498177985,3033,0.24,0.8661417322834646,124.80024027824402,42,2026-08-18 17:04:24,,
dft_manualroi_bandpass9-14hz,dft,differential,,,,,,bandpass,,,0.20742705684094062,0.5531036792543573,0.16525369778498306,-2.8171222386432873,0.9948314158308252,0.9863817378696988,0.3747510188158424,44.649368133439815,3033,0.1392205435747849,0.8661417322834646,0.005065441131591797,,,,
icgn_affineflow_fullframe_bp9-14_ema_a0.1,icgn,affine_flow,similarity,ema,0.1,,,bandpass,,False,0.20821792322158908,0.5556699318684205,0.1669653463337006,-9.259738918799531,0.9857201718665106,0.7824193055163571,0.37439055993986403,44.384836184161855,3033,0.24,0.8661417322834646,124.43415188789368,42,2026-08-18 16:53:14,,
postaudit_icgn_affineflow_ema0.5,icgn,affine_flow,similarity,ema,0.5,decimated,,bandpass,,True,0.2088727619427242,0.5559603390606732,0.1675858576278492,0.781164145872984,0.9922749969541413,1.3898275578774697,0.37439055993986403,44.20992826948572,3033,0.19981423935558223,0.8661417322834646,167.78579258918762,42,2026-08-18 22:49:22,,
icgn_affineflow_full6dof_bp9-14_ema_a0.1,icgn,affine_flow,full,ema,0.1,,,bandpass,,False,0.2092677896702737,0.5584717042085984,0.16785125875020973,-9.200352317980775,0.9852562481160375,0.7826248786986066,0.37439055993986403,44.10441606650364,3033,0.24,0.8661417322834646,128.78896498680115,42,2026-08-18 17:02:11,,
gabor_affineflow,gabor_phase,affine_flow,,,,,,bandpass,,,0.21797515769127165,0.5814688136887018,0.1742764810663536,6.653876622596657,0.9984700702380813,0.8361521882074596,0.3747510188158424,41.83467242329566,3033,0.056067892672389125,0.8661417322834646,42.863038539886475,,2026-08-18 05:19:24,affine,
templatematch_differential_bp0.2-20_symlds,template_match,differential,,,,,,bandpass,,True,0.22675764394748954,0.6012300058468992,0.18002972091605407,5.926709576717783,0.998218710551588,0.9272195147099871,0.3747510188158424,39.49112008714211,3033,0.05629386710420091,0.8661417322834646,0.005002737045288086,42,2026-08-18 14:58:53,,
icgn_differential_bp0.2-20_symlds,icgn,differential,,,,,,bandpass,,True,0.2287884363465275,0.606614491700131,0.18078662654274,5.951565815283025,0.9984270497790502,0.937000320244924,0.3747510188158424,38.94921565004279,3033,0.05627298986179177,0.8661417322834646,0.0060100555419921875,42,2026-08-18 14:48:45,,
dft_manualroi_bandpass8-16hz,dft,differential,,,,,,bandpass,,,0.23791575294467115,0.6344017039550238,0.1895690788522898,-2.8171195019080857,0.9948314239600892,0.9879355997949276,0.3747510188158424,36.51364746213376,3033,0.1392205435747849,0.8661417322834646,0.037837982177734375,,,,
icgn_affineflow_full6dof_bp0.2-20_symlds,icgn,affine_flow,full,,,,,bandpass,,True,0.25535932640574477,0.6770651107291412,0.19334969748413156,6.602770748200457,0.9959216274338951,1.0062030435520155,0.3747510188158424,31.85893737857142,3033,0.05631005601068198,0.8661417322834646,121.39672875404358,42,2026-08-18 14:58:14,,
icgn_homographyflow,icgn,affine_flow,,,,,,bandpass,,,0.27881373380086444,0.7437613200992673,0.21417810286219088,6.647594215847098,0.9963332799033785,0.9984732190063741,0.3747510188158424,25.600273300957397,3033,0.0563448309698255,0.8661417322834646,59.34253191947937,,2026-08-18 04:59:25,homography,
templatematch_differential_refresh,template_match,differential,,,,,,none,,False,0.32474919664849977,0.8662983989625689,0.27088991903545423,5.92671043975818,0.9982187116198935,0.9296858641131458,0.3747510188158424,13.342678113415396,3033,0.05629386710420091,0.8661417322834646,0.006306648254394531,42,2026-08-18 15:14:17,,
icgn_differential_refresh,icgn,differential,,,,,,none,,False,0.333020601967775,0.8883631346392344,0.27734324561057183,5.951566564152442,0.99842705079756,0.9395502077273465,0.3747510188158424,11.135504575792565,3033,0.05627298986179177,0.8661417322834646,0.00592803955078125,42,2026-08-18 15:14:09,,
dft_differential_bandpass8-16hz,dft,differential,,,,,,bandpass,,,0.3454963939525399,0.9210460483915809,0.2737615785104666,-5.877701477567582,0.9541826399381007,0.2529684692123615,0.3747510188158424,7.806416365655988,3033,0.1813328603054234,0.34375,0.005998849868774414,,,,
dft_affineflow_bandpass0.2-20hz,dft,affine_flow,,,,,,bandpass,,,0.34818436994058577,0.9284326693246877,0.27787746599264507,-3.0715033619846155,0.9963054521113475,0.9903109692361838,0.3747510188158424,7.089146537667402,3033,0.1392303732275118,0.8661417322834646,137.68037223815918,,,,
postaudit_icgn_affineflow_ema0.3,icgn,affine_flow,similarity,ema,0.3,decimated,,bandpass,,True,0.3562136618103381,0.948140228319598,0.28683471343238237,0.9725299530244397,0.9887157862875404,1.5386241596439856,0.37439055993986403,4.855063154489148,3033,0.19980917695818953,0.8661417322834646,160.94403862953186,42,2026-08-18 22:52:12,,
cornerklt_differential_refresh,corner_klt,differential,,,,,,none,,False,0.3603668030837851,0.9613116453330095,0.2834537313596348,5.7789951195656055,0.9976067630547049,1.0009869869191828,0.3747510188158424,3.838339326603901,3033,0.056196171549844506,0.8661417322834646,0.006010532379150391,42,2026-08-18 15:14:32,,
gabor_differential_refresh,gabor_phase,differential,,,,,,none,,False,0.37498744195346023,1.0003135464164437,0.3072277397436796,6.750597076357234,0.9984888777139589,0.7948330665684817,0.3747510188158424,-0.06308805733601375,3033,0.056043647431037576,0.8661417322834646,0.0063457489013671875,42,2026-08-18 15:14:24,,
dft_affineflow,dft,affine_flow,,,,,,none,,,0.3757569350326487,1.0019548386653763,0.30006561862373393,-3.0714972969606724,0.9963054797067353,0.9932009672311566,0.3747510188158424,-0.2684225435823695,3033,0.1392303732275118,0.8661417322834646,117.29180788993835,,,,
dft_affineflow_v2,dft,affine_flow,,,,,,none,,,0.37575742942768803,1.0019561569683952,0.3000663609102162,-3.069755811077899,0.9963054798099076,0.9932012484126328,0.3747510188158424,-0.26855446985194487,3033,0.13923079940172906,0.8661417322834646,103.0955765247345,,,,
dft_affineflow_smoke,dft,affine_flow,,,,,,none,,,0.3848529731613689,1.058172293882543,0.31495808700881694,7.977578040611243,1.0,1.1659054027178257,0.3747510188158424,-2.695644264676633,300,0.056561119357430883,0.8661417322834646,10.864582777023315,,,,
ABL_corner_klt_differential,corner_klt,differential,,,,decimated,,bandpass,,True,0.3952919832248977,1.052155690275897,0.15447022005264147,-0.6754120531429916,0.9824364269917295,0.7566414822999361,0.37439055993986403,-5.582785871628526,3033,0.1992676648979494,0.8661417322834646,42.471678733825684,42,2026-08-19 01:38:12,,
dft_differential_highpass1hz,dft,differential,,,,,,highpass,,,0.4298567482753632,1.1459391944561488,0.33089571429724157,-5.877685225694035,0.9541826037442367,0.2542377158319316,0.3747510188158424,-14.704624321942262,3033,0.1813328603054234,0.34375,250.41560459136963,,,,
dft_differential_manualroi,dft,differential,,,,,,none,,,0.5039145692954856,1.3436868196077905,0.4025721822355362,-2.817120813390979,0.9948314260714801,0.9936700283525364,0.3747510188158424,-34.46649748619252,3033,0.1392205435747849,0.8661417322834646,214.1106777191162,,,,
depthmatch_depth3_corner_klt,corner_klt,affine_flow,similarity,none,,decimated,,bandpass,,True,0.5605317471335068,1.4919773037523687,0.34910404903664577,3.0318620898959905,0.9606786796027024,1.301163151480004,0.37439055993986403,-49.71845102706154,3033,0.199674478620529,0.8661417322834646,133.9268045425415,42,2026-08-18 23:15:11,,
depthmatch_depth3_icgn,icgn,affine_flow,similarity,none,,decimated,,bandpass,,True,0.5605802122603322,1.4921063042409524,0.34942355764585276,2.931033294429533,0.9611477099614382,1.2914365532469458,0.37439055993986403,-49.731396098869205,3033,0.19969239874323058,0.8661417322834646,141.39715671539307,42,2026-08-18 23:17:41,,
dft_differential_300smoke,dft,differential,,,,,,,,,0.5692438581378025,1.5753907250632944,0.4607169438678249,-49.85391020570452,1.0,0.1349801443646571,0.3747510188158424,-51.899215627626226,300,0.96,0.34375,26.276373147964478,,,,
bigtripods_cornerklt,corner_klt,affine_flow,similarity,none,,decimated,,bandpass,,True,0.5734582818766508,1.5263840907926463,0.45802020891523093,-0.3456287864072696,0.998394040120309,1.1615617977417487,0.37439055993986403,-53.17113817420016,3033,0.19983137049400176,0.8661417322834646,130.26873421669006,42,2026-08-18 23:24:16,,
dft_differential,dft,differential,,,,,,,,,0.6217465256697322,1.6574910493797113,0.4767965299127849,-5.877673056154258,0.9541826167876444,0.26617440582068963,0.3747510188158424,-65.90922891533664,3033,0.1813328603054234,0.34375,239.99673986434937,,,,
postaudit_icgn_affineflow_ema0.1,icgn,affine_flow,similarity,ema,0.1,decimated,,bandpass,,True,0.8077435327391551,2.1499853028173623,0.657225686202042,0.9647678576449489,0.9856918588503227,1.6578696148915621,0.37439055993986403,-115.74890479848045,3033,0.19980629246961587,0.8661417322834646,166.99595737457275,42,2026-08-18 22:55:07,,
depthmatch_depth2_corner_klt,corner_klt,affine_flow,similarity,none,,decimated,,bandpass,,True,1.1764484702021132,3.128563064743199,0.8239937981562749,-10.564192321530989,0.9686874530449693,1.167662394109981,0.37439055993986403,-214.23027076085427,3033,0.3256306005936133,0.8661417322834646,134.2935049533844,42,2026-08-18 23:12:49,,
ABL_corner_klt_none,corner_klt,none,,,,decimated,,bandpass,,True,1.6986854281708814,4.521421164825101,1.3541012173309832,0.6959145695792124,0.9832939381864133,1.7161151103389127,0.37439055993986403,-353.7201548147289,3033,0.19971523247012243,0.8661417322834646,41.20039176940918,42,2026-08-19 01:36:33,,
ABL_icgn_none,icgn,none,,,,decimated,,bandpass,,True,1.7003747289255062,4.525917606637721,1.3553649568512331,0.6293955986011491,0.9843837752242264,1.7078650280306011,0.37439055993986403,-354.1713683161848,3033,0.1997319941507747,0.8661417322834646,57.395851373672485,42,2026-08-19 01:35:45,,
ABL_template_match_none,template_match,none,,,,decimated,,bandpass,,True,1.7024658896072093,4.531483686153387,1.3577427709433925,0.6049881719646442,0.9841408049677288,1.7043400239388626,0.37439055993986403,-354.7299189062528,3033,0.19974514101631433,0.8661417322834646,41.649447441101074,42,2026-08-19 01:37:22,,
